"Title","Subtitle","Author","Author (Last","Publisher","Date Published","Year Published","Summary","Number of Pages","ISBN","EAN","書封","分類"
"占星全書-增訂版","","魯道夫","","春光出版","2016/04/09","2016","","464","9789867848871","4-717702-093280","https://ap13.ragic.com/sims/file.jsp?a=gcboytw&f=AsThaw5ggC%404717702093280.jpg","塔羅占星"
"雍正皇帝-恨水東逝(上)","","二月河","二月河","巴比倫出版社","","1994","","396","9789579238328","","https://ap13.ragic.com/sims/file.jsp?a=gcboytw&f=055wZbX61s%409789579238328-%E9%9B%8D%E6%AD%A3%E7%9A%87%E5%B8%9D-%E6%81%A8%E6%B0%B4%E6%9D%B1%E9%80%9D%EF%BC%88%E4%B8%8A%EF%BC%89.jpg",""
"雍正皇帝-九王奪嫡(下)","","二月河","二月河","巴比倫出版社","","1999","","362","9789579238274","","https://ap13.ragic.com/sims/file.jsp?a=gcboytw&f=N5o5U84rPN%409789579238274-%E9%9B%8D%E6%AD%A3%E7%9A%87%E5%B8%9D-%E4%B9%9D%E7%8E%8B%E5%A5%AA%E5%AB%A1%EF%BC%88%E4%B8%8B%EF%BC%89.jpg",""
"雍正皇帝-恨水東逝(下)","","二月河","二月河","巴比倫出版社","","1994","","364","9789579238335","","https://ap13.ragic.com/sims/file.jsp?a=gcboytw&f=hNP39781R6%409789579238335-%E9%9B%8D%E6%AD%A3%E7%9A%87%E5%B8%9D-%E6%81%A8%E6%B0%B4%E6%9D%B1%E9%80%9D%28%E4%B8%8B%29.jpg",""
"雍正皇帝-雕弓天狼(上)","","二月河","二月河","巴比倫出版社","","1999","","377","9789579238298","","https://ap13.ragic.com/sims/file.jsp?a=gcboytw&f=599Yg97Qb8%409789579238328-%E9%9B%8D%E6%AD%A3%E7%9A%87%E5%B8%9D-%E6%81%A8%E6%B0%B4%E6%9D%B1%E9%80%9D%EF%BC%88%E4%B8%8A%EF%BC%89.jpg",""
"雍正皇帝-九王奪嫡(上)","","二月河","二月河","巴比倫出版社","","1999","","362","9789579238267","","https://ap13.ragic.com/sims/file.jsp?a=gcboytw&f=drAZ7yuHK6%409789579238267-%E9%9B%8D%E6%AD%A3%E7%9A%87%E5%B8%9D%E2%94%80%E4%B9%9D%E7%8E%8B%E5%A5%AA%E5%AB%A1-%EF%BC%88%E4%B8%8A%EF%BC%89.jpg",""
"雍正皇帝-雕弓天狼(下)","","二月河","二月河","巴比倫出版社","","1999","","365","9789579238304","","https://ap13.ragic.com/sims/file.jsp?a=gcboytw&f=Mr1T311t29%409789579238304-%E9%9B%8D%E6%AD%A3%E7%9A%87%E5%B8%9D-%E9%9B%95%E5%BC%93%E5%A4%A9%E7%8B%BC%EF%BC%88%E4%B8%8B%EF%BC%89.jpg",""
"散戶流浪記","","羅斯查得,John Rothchild","羅斯查得","早安財經文化","","2009","","287","9789866613104","","https://ap13.ragic.com/sims/file.jsp?a=gcboytw&f=v24EFdot44%409789866613104-%E6%95%A3%E6%88%B6%E6%B5%81%E6%B5%AA%E8%A8%98.jpg","財經工具書"
"憤怒的葡萄","","John Steinbeck","Steinbeck, John","業強出版社","","1998","","244","9789576835131","","https://ap13.ragic.com/sims/file.jsp?a=gcboytw&f=RtLmJVK53l%409789576835131-%E6%86%A4%E6%80%92%E7%9A%84%E8%91%A1%E8%90%84.jpg",""
"最後14堂星期二的課（十年典藏版）","Tuesdays with Morrie","米奇．艾爾邦","米奇．艾爾邦","大塊文化","2006/10/01","2006","全臺70萬人，全世界1,100萬人購買這本書， 開啟熱淚中洗滌人生的閱讀之旅． 生命中最根本的震動！ ‧本書作者，米奇，曾經是老師眼中的希望。大學畢業後，他進入社會，載浮載沈，曾有的理想逐漸幻滅，人生的課題日益龐大難以面對。十六年後，他偶然與大學時代的恩師重逢，而這時他的老師只剩下最後幾個月可活。於是，他又上了十四堂他老師的課…… ‧米奇每個星期二到老師家探望他。這位老師，墨瑞‧史瓦茲(Morrie Schwartz)，面對著死亡一步步接近，誠實看見自己在死亡面前的恐懼與脆弱，承認自己對人世的眷戀不捨，但他掙脫這些情緒，展現出洞澈人生之後的清明與安靜，並且帶著幽默感。 ‧墨瑞不僅自己勇敢面對死亡，窮究死亡的多重意義，更藉著與學生米奇的談話，一點一點讓米奇因為世故而僵硬的心逐漸柔軟，讓他重新看待生命。 ‧作者在夢想褪色、視野變窄、情感變得僵硬的時刻，有機會聆聽昔日恩師的教誨。讀到這本書的人，也彷彿跟著旁聽了這堂叫做「什麼是人生」的課，汲取了其中的智慧與溫暖。這是個會發光發熱的故事，讀後會讓你一輩子難忘。 ‧中文版銷售超過六十萬冊，全球銷售超過一千萬冊。本次為大塊文化十週年新封面紀念版。","240","9789578468511","","https://ap13.ragic.com/sims/file.jsp?a=gcboytw&f=N0b537IFqS%409789578468511-%E6%9C%80%E5%BE%8C14%E5%A0%82%E6%98%9F%E6%9C%9F%E4%BA%8C%E7%9A%84%E8%AA%B2.jpg",""
"麥田捕手","","沙林傑","Salinger, Jerome David","桂冠","","1993","","326","9789575516963","","https://ap13.ragic.com/sims/file.jsp?a=gcboytw&f=LCyzna76KL%409789575516963-%E9%BA%A5%E7%94%B0%E6%8D%95%E6%89%8B.jpg",""
"神鵰俠侶(四)","","金庸","金庸","遠流出版","2019/05/14","2019","《金庸作品集》問世半世紀以來，歷經過兩次重大修改。其中， 1970年代的「修訂版」（二版）是第一次有系統地將劇情去蕪存菁、進行大規模改動；同時也是亞洲地區版權意識提升後，正式授權版本最大宗的源頭。除紙本發行外，新世代媒介的問世——諸如有聲書、連續劇、電玩遊戲等——更使修訂版的情節廣植人心，成為不可抹滅的共同回憶。　　「修訂版」時期的金庸，正值壯年，作品中不乏快意恩仇、情感鮮明的內容，恰恰是不少讀者成為「金迷」的關鍵所在。對這些金迷來說，「修訂版」不僅是「金庸小說」的典範形象，更如同一位活生生的俠客，擁有自己的個性、能與之對話相伴、且攜手走過無數歲月，實在難以輕易忘懷於江湖。　　相較之下，千禧年前後的「新修版」（三版），則融入許多暮年金庸的新體悟，顯得更加圓潤婉轉、更富哲理省思。因此，第二次改版引發金迷的熱烈討論，甚至出現抗議聲浪。不少金迷依然熱愛「修訂版」，希望時光能永遠停留在最熟悉的韻味當中：少一些獨白、少改一些名字、讓張無忌更堅定地愛著趙敏。聲量之大，讓金庸還為此自嘲說：「只要有六萬人上街反對，我馬上就不改了。」　　有鑑於「修訂版」的地位如此特殊，是眾多金迷生命中無法割捨的感動，遠流出版公司特此推出《金庸作品集》「修訂版」電子書。讓廣大金迷能以最新的閱讀技術，收藏那越陳越香的美好過往，時時重溫、刻刻重逢。","400","9789573229216","","https://ap13.ragic.com/sims/file.jsp?a=gcboytw&f=UFsQGQn5X8%409789573229216-%E7%A5%9E%E9%B5%B0%E4%BF%A0%E4%BE%B6%28%E5%9B%9B%29.jpg",""
"神鵰俠侶(三)","","金庸","金庸","遠流出版","2019/05/14","2019","《金庸作品集》問世半世紀以來，歷經過兩次重大修改。其中， 1970年代的「修訂版」（二版）是第一次有系統地將劇情去蕪存菁、進行大規模改動；同時也是亞洲地區版權意識提升後，正式授權版本最大宗的源頭。除紙本發行外，新世代媒介的問世——諸如有聲書、連續劇、電玩遊戲等——更使修訂版的情節廣植人心，成為不可抹滅的共同回憶。　　「修訂版」時期的金庸，正值壯年，作品中不乏快意恩仇、情感鮮明的內容，恰恰是不少讀者成為「金迷」的關鍵所在。對這些金迷來說，「修訂版」不僅是「金庸小說」的典範形象，更如同一位活生生的俠客，擁有自己的個性、能與之對話相伴、且攜手走過無數歲月，實在難以輕易忘懷於江湖。　　相較之下，千禧年前後的「新修版」（三版），則融入許多暮年金庸的新體悟，顯得更加圓潤婉轉、更富哲理省思。因此，第二次改版引發金迷的熱烈討論，甚至出現抗議聲浪。不少金迷依然熱愛「修訂版」，希望時光能永遠停留在最熟悉的韻味當中：少一些獨白、少改一些名字、讓張無忌更堅定地愛著趙敏。聲量之大，讓金庸還為此自嘲說：「只要有六萬人上街反對，我馬上就不改了。」　　有鑑於「修訂版」的地位如此特殊，是眾多金迷生命中無法割捨的感動，遠流出版公司特此推出《金庸作品集》「修訂版」電子書。讓廣大金迷能以最新的閱讀技術，收藏那越陳越香的美好過往，時時重溫、刻刻重逢。","400","9789573229209","","https://ap13.ragic.com/sims/file.jsp?a=gcboytw&f=hIs02im73E%409789573229209-%E7%A5%9E%E9%B5%B0%E4%BF%A0%E4%BE%B6%28%E4%B8%89%29.jpg",""
"神鵰俠侶(二)","","金庸","金庸","遠流出版","2019/05/14","2019","《金庸作品集》問世半世紀以來，歷經過兩次重大修改。其中， 1970年代的「修訂版」（二版）是第一次有系統地將劇情去蕪存菁、進行大規模改動；同時也是亞洲地區版權意識提升後，正式授權版本最大宗的源頭。除紙本發行外，新世代媒介的問世——諸如有聲書、連續劇、電玩遊戲等——更使修訂版的情節廣植人心，成為不可抹滅的共同回憶。　　「修訂版」時期的金庸，正值壯年，作品中不乏快意恩仇、情感鮮明的內容，恰恰是不少讀者成為「金迷」的關鍵所在。對這些金迷來說，「修訂版」不僅是「金庸小說」的典範形象，更如同一位活生生的俠客，擁有自己的個性、能與之對話相伴、且攜手走過無數歲月，實在難以輕易忘懷於江湖。　　相較之下，千禧年前後的「新修版」（三版），則融入許多暮年金庸的新體悟，顯得更加圓潤婉轉、更富哲理省思。因此，第二次改版引發金迷的熱烈討論，甚至出現抗議聲浪。不少金迷依然熱愛「修訂版」，希望時光能永遠停留在最熟悉的韻味當中：少一些獨白、少改一些名字、讓張無忌更堅定地愛著趙敏。聲量之大，讓金庸還為此自嘲說：「只要有六萬人上街反對，我馬上就不改了。」　　有鑑於「修訂版」的地位如此特殊，是眾多金迷生命中無法割捨的感動，遠流出版公司特此推出《金庸作品集》「修訂版」電子書。讓廣大金迷能以最新的閱讀技術，收藏那越陳越香的美好過往，時時重溫、刻刻重逢。","400","9789573229193","","https://ap13.ragic.com/sims/file.jsp?a=gcboytw&f=6bug931N4k%409789573229193-%E7%A5%9E%E9%B5%B0%E4%BF%A0%E4%BE%B6%28%E4%BA%8C%29.jpg",""
"神鵰俠侶(一)","","金庸","金庸","遠流出版","2019/05/14","2019","《金庸作品集》問世半世紀以來，歷經過兩次重大修改。其中， 1970年代的「修訂版」（二版）是第一次有系統地將劇情去蕪存菁、進行大規模改動；同時也是亞洲地區版權意識提升後，正式授權版本最大宗的源頭。除紙本發行外，新世代媒介的問世——諸如有聲書、連續劇、電玩遊戲等——更使修訂版的情節廣植人心，成為不可抹滅的共同回憶。「修訂版」時期的金庸，正值壯年，作品中不乏快意恩仇、情感鮮明的內容，恰恰是不少讀者成為「金迷」的關鍵所在。對這些金迷來說，「修訂版」不僅是「金庸小說」的典範形象，更如同一位活生生的俠客，擁有自己的個性、能與之對話相伴、且攜手走過無數歲月，實在難以輕易忘懷於江湖。相較之下，千禧年前後的「新修版」（三版），則融入許多暮年金庸的新體悟，顯得更加圓潤婉轉、更富哲理省思。因此，第二次改版引發金迷的熱烈討論，甚至出現抗議聲浪。不少金迷依然熱愛「修訂版」，希望時光能永遠停留在最熟悉的韻味當中：少一些獨白、少改一些名字、讓張無忌更堅定地愛著趙敏。聲量之大，讓金庸還為此自嘲說：「只要有六萬人上街反對，我馬上就不改了。」有鑑於「修訂版」的地位如此特殊，是眾多金迷生命中無法割捨的感動，遠流出版公司特此推出《金庸作品集》「修訂版」電子書。讓廣大金迷能以最新的閱讀技術，收藏那越陳越香的美好過往，時時重溫、刻刻重逢。","400","9789573229186","","https://ap13.ragic.com/sims/file.jsp?a=gcboytw&f=D04G85GwgS%409789573229186-%E7%A5%9E%E9%B5%B0%E4%BF%A0%E4%BE%B6%28%E4%B8%80%29.jpg",""
"山姆霍桑犯罪診斷書1","","霍克","霍克","臉譜出版","","2007","","","9789867058782","","https://ap13.ragic.com/sims/file.jsp?a=gcboytw&f=2gpwRGlzEN%409789867058782-%E5%B1%B1%E5%A7%86%E9%9C%8D%E6%A1%91%E7%8A%AF%E7%BD%AA%E8%A8%BA%E6%96%B7%E6%9B%B8+1.jpg",""
"山姆霍桑犯罪診斷書2","","霍克","霍克","臉譜出版","","2007","","","9789866739187","","https://ap13.ragic.com/sims/file.jsp?a=gcboytw&f=dluC4WkRci%409789866739187-%E5%B1%B1%E5%A7%86%E9%9C%8D%E6%A1%91%E7%8A%AF%E7%BD%AA%E8%A8%BA%E6%96%B7%E6%9B%B82.jpg",""
"N-殺意的圈套","","葛拉夫頓","葛拉夫頓","小知堂文化事業有限公司","","2009","","342","9789574505661","","https://ap13.ragic.com/sims/file.jsp?a=gcboytw&f=Zm729ui890%409789574505661-N_%E6%AE%BA%E6%84%8F%E7%9A%84%E5%9C%88%E5%A5%97.jpg","字母天后"
"耳語之人","","約翰‧狄克遜‧卡爾","John Dickson Carr","臉譜出版","","2006","","331","9789867335906","","https://ap13.ragic.com/sims/file.jsp?a=gcboytw&f=5n6Nu53XZp%409789867335906-%E8%80%B3%E8%AA%9E%E4%B9%8B%E4%BA%BA.jpg",""
"逆轉死局","","約翰‧狄克遜‧卡爾","John Dickson Carr","臉譜出版","","2005","","300","9789867335500","","https://ap13.ragic.com/sims/file.jsp?a=gcboytw&f=s7jSqv7dXr%409789867335500-%E9%80%86%E8%BD%89%E6%AD%BB%E5%B1%80.jpg",""
"黑狐奇案","Poets and murder","高羅佩","Gulik, Robert Hans van","臉譜出版","","2001","","238","9789574694181","","https://ap13.ragic.com/sims/file.jsp?a=gcboytw&f=3TJ698YAz8%409789574694181-%E9%BB%91%E7%8B%90%E5%A5%87%E6%A1%88.jpg",""
"黃金奇案","The Chinese gold murders","高羅佩","Gulik, Robert Hans van","臉譜出版","","2000","","305","9789574691722","","https://ap13.ragic.com/sims/file.jsp?a=gcboytw&f=17D4CU8ezS%409789574691722-%E9%BB%83%E9%87%91%E5%A5%87%E6%A1%88.jpg",""
"湖濱奇案","The Chinese lake murders","高羅佩","Gulik, Robert Hans van","臉譜出版","","2001","","342","9789574692873","","https://ap13.ragic.com/sims/file.jsp?a=gcboytw&f=g6652ITWJ2%409789574692873-%E6%B9%96%E6%BF%B1%E5%A5%87%E6%A1%88.jpg",""
"御珠奇案","The emperor's pearl","高羅佩","Gulik, Robert Hans van","臉譜出版","","2002","","235","9789574695041","","https://ap13.ragic.com/sims/file.jsp?a=gcboytw&f=q9nyMPjal7%409789574695041-%E5%BE%A1%E7%8F%A0%E5%A5%87%E6%A1%88.jpg",""
"玉珠串奇案","Necklace and calabash","高羅佩","Gulik, Robert Hans van","臉譜出版","","2001","","209","9789574694198","","https://ap13.ragic.com/sims/file.jsp?a=gcboytw&f=sfaErPIxpW%409789574694198-%E7%8E%89%E7%8F%A0%E4%B8%B2%E5%A5%87%E6%A1%88.jpg",""
"魂縈舊恨","Remembered Death","阿嘉莎‧克莉絲蒂 (Agatha Christie)","Christie), 阿嘉莎‧克莉絲蒂 (Agatha","遠流出版","2003/10/01","2003","六個人圍坐在排了七個座位的餐桌旁。在那個空著的座位前面，放有一枝代表紀念的迷迭香──以悼念一年前年同一天暴死於此時此地的洛瑪苓．巴頓。現場六個人始終不曾忘記那個不祥的夜晚，洛瑪苓那痛苦扭曲至幾難辨識的容顏，腦中更是不斷縈繞著洛瑪苓那充滿波折的一生。可怕的是，眾人萬萬沒想到，這次撒旦又一次伸出它無所不及的魔掌……","320","9789573250869","","https://ap13.ragic.com/sims/file.jsp?a=gcboytw&f=975Vx4qi3l%409789573250869-%E9%AD%82%E7%B8%88%E8%88%8A%E6%81%A8.png","阿嘉莎系列"
"絲柏的哀歌","Sad Cypress","阿嘉莎‧克莉絲蒂 (Agatha Christie)","Christie), 阿嘉莎‧克莉絲蒂 (Agatha","遠流出版","2002/11/01","2002","上流名媛奧莉隆收到匿名信，要她特別留意其不久人世的姑姑，因有人正意圖贏得她姑姑的信任，以便篡奪其龐大家產。於是，她和未婚夫一同前往探視姑姑。然而她的男友竟在一次花園的偶遇中，迷戀上門房的女兒瑪麗，於是雙方理智的分手。緊接著在某次機緣中，奧莉隆好心請瑪麗及護士荷普金小姐吃三明治，但吃完不久，瑪麗竟就此中毒身亡。眾人皆將箭頭指向奧莉隆，警方亦因情殺罪嫌將其逮捕。眼見是有人即將奸計得逞，有人卻將含冤入獄──只是，他們又碰上了白羅。他發現事件背後似是有雙冷靜的黑手在操控，於是他力排眾議，盡情發揮他灰色腦細胞的效能，終於還原事實的真相。","320","9789573247937","","https://ap13.ragic.com/sims/file.jsp?a=gcboytw&f=6dj7cxzk9J%409789573247937-%E7%B5%B2%E6%9F%8F%E7%9A%84%E5%93%80%E6%AD%8C.png","阿嘉莎系列"
"殘光夜影","While The Light Lasts","阿嘉莎‧克莉絲蒂 (Agatha Christie)","Christie), 阿嘉莎‧克莉絲蒂 (Agatha","遠流出版","2004/04/01","2004","一場奇異的幻夢一段對勒索者的報復一個苦悶、扭曲、愛恨交加的心靈一顆名貴的寶石一截陰魂不散的歷史聖骨一個反潮流的家族一場三角戀愛的悲劇一具盒中屍體一位地獄來的不速之客……九件最能展現克莉絲蒂聰明精髓的的小品，全部匯聚在這本克莉絲蒂初試推理啼聲的短篇小說集?堙C它包括了作者推理偉業的第一篇創作，由此可窺見這位推理天后的早慧細胞。這本短篇小說集不僅是近年最新出版的作品集，也是兩岸三地的中文版中，遠流獨家收錄的作品，熱愛克莉絲蒂的兄弟姐妹們，大家千萬不能錯過！","224","9789573252184","","https://ap13.ragic.com/sims/file.jsp?a=gcboytw&f=V93hH9kqvx%409789573252184-%E6%AE%98%E5%85%89%E5%A4%9C%E5%BD%B1.png","阿嘉莎系列"
"情牽波倫沙","Problem At Pollensa Bay","阿嘉莎‧克莉絲蒂 (Agatha Christie)","Christie), 阿嘉莎‧克莉絲蒂 (Agatha","遠流出版","2004/03/01","2004","八篇精采短篇。克莉絲蒂筆下的名偵探都在本書中大顯身手，一較長短。例如：通曉人性且極富直覺的派克?潘先生解決了波倫沙灣的感情問題；紳士派頭的沙特衛先生和神秘莫測的鬼豔先生有聯手解決了〈下午茶謎案〉；當然，那個許久不見的小老頭──白羅，也不能錯過這個好漢集結的盛會，在〈黃色鳶尾花〉中，他收到一封匿名信前來求救，說有人瀕臨生死關頭……","272","9789573251996","","https://ap13.ragic.com/sims/file.jsp?a=gcboytw&f=9nj0DYU312%409789573251996-%E6%83%85%E7%89%BD%E6%B3%A2%E5%80%AB%E6%B2%99.png","阿嘉莎系列"
"為什麼不找伊文斯？","Why Didn't They Ask Evans?","阿嘉莎‧克莉絲蒂 (Agatha Christie)","Christie), 阿嘉莎‧克莉絲蒂 (Agatha","遠流出版","2004/01/01","2004","一場水準失常的高爾夫球賽正在進行，巴比?瓊斯大手一揮，小白球直直越過崖邊落下，經過一番找尋，小白球終於以下落不明收場。然而另一個下落不明的東西倒出現了──一個蜷縮成一團的男人躺在崖底，即將氣絕。面對眼前的陌生人，他只留下一句：「為什麼不找伊文斯？」這句話勾起巴比及其好友法蘭奇莫大的好奇心，決心查個水落石出。只是他們沒想到，此生最邪惡的危險正等在前頭……","320","9789573251620","","https://ap13.ragic.com/sims/file.jsp?a=gcboytw&f=od4y7DPv6Y%409789573251620-%E7%82%BA%E4%BB%80%E9%BA%BC%E4%B8%8D%E6%89%BE%E4%BC%8A%E6%96%87%E6%96%AF.png","阿嘉莎系列"
"李斯特岱奇案","The Listerdale Mystery","阿嘉莎‧克莉絲蒂 (Agatha Christie)","Christie), 阿嘉莎‧克莉絲蒂 (Agatha","遠流出版","2004/02/01","2004","十二起丈二金剛摸不著頭腦的奇案：李思德岱爵士的離奇失蹤；火車中的奇遇；一個恐懼前夫的新婚女子；一個家族命案；大好人心性大變；退休警探智擒女兇手；年輕小姐巧扮女公爵；珍貴項鍊藏在粗糙的櫻桃籃；推理作家因謀殺罪被捕；一個破天荒的結婚計劃；女高音與男高音的恩怨情仇；貴族的翡翠不翼而飛……每個案子皆光怪陸離，不同於以往，唯一不變的是阿嘉莎?克莉絲蒂說故事的功力，絕對不容錯過！","304","9789573251750","","https://ap13.ragic.com/sims/file.jsp?a=gcboytw&f=II90WE920t%409789573251750-%E6%9D%8E%E6%96%AF%E7%89%B9%E5%B2%B1%E5%A5%87%E6%A1%88.png","阿嘉莎系列"
"巴格達風雲","They Came To Baghdad","阿嘉莎‧克莉絲蒂 (Agatha Christie)","Christie), 阿嘉莎‧克莉絲蒂 (Agatha","遠流出版","2004/02/01","2004","一個國際超級首腦會議將在巴格達秘密舉行，不料有人走漏了風聲，於是中東地區的某地下組織預備進行破壞。值此一觸即發的危險關頭，一心期盼能冒險犯難的維多莉雅?瓊斯倒是如願以償甚至可說是超出期望了──一個滿身傷痕的情報人員，臥倒於她的臥室，口中只喃喃得吐出幾個幾難分辨的：「魯西夫……巴撒哈……勒法菊……」","320","9789573251736","","https://ap13.ragic.com/sims/file.jsp?a=gcboytw&f=vA5qG9iPQ7%409789573251736-%E5%B7%B4%E6%A0%BC%E9%81%94%E9%A2%A8%E9%9B%B2.png","阿嘉莎系列"
"歪曲的樞紐","","約翰‧狄克遜‧卡爾","John Dickson Carr","臉譜出版","","2004","","334","9789867896797","","https://ap13.ragic.com/sims/file.jsp?a=gcboytw&f=qYUpfpt1XP%409789867896797-%E6%AD%AA%E6%9B%B2%E7%9A%84%E6%A8%9E%E7%B4%90.jpg",""
"恐怖份子","","Maj Sjowall, Per Wahloo","Maj Sjowall, Per Wahloo","遠流出版事業股份有限公司","","2005","","444","9789573255260","","https://ap13.ragic.com/sims/file.jsp?a=gcboytw&f=G69JZU0fx1%409789573255260-%E6%81%90%E4%BD%88%E4%BB%BD%E5%AD%90.jpg",""
"毒占","魔靈射手","凱倫厄文","Irving, Karen","九角文化果藤書房","","2007","","364","9789868326705","","https://ap13.ragic.com/sims/file.jsp?a=gcboytw&f=8F61g04EWl%409789868326705-%E6%AF%92%E5%8D%A0.jpg",""
"獲利的法則","一個操盤手的虧損自白","Jim Paul,保羅,Brendan Moynihan","Paul, Jim","今週刊出版","","2013","","218","9789868996304","","https://ap13.ragic.com/sims/file.jsp?a=gcboytw&f=Nm1xi2O28N%409789868996304-%E7%8D%B2%E5%88%A9%E7%9A%84%E6%B3%95%E5%89%87.png","財經工具書"
"X 的悲劇","","Ellery Queen","Queen, Ellery","麥田出版有限公司","","1995","","404","9789577082886","","https://ap13.ragic.com/sims/file.jsp?a=gcboytw&f=XzT1d9YAVx%409789577082886-X+%E7%9A%84%E6%82%B2%E5%8A%87.jpg",""
"龍牙","","Ellery Queen","Queen, Ellery","臉譜出版","","2005","","356","9789867335289","","https://ap13.ragic.com/sims/file.jsp?a=gcboytw&f=D3myo22QIr%409789867335289-%E9%BE%8D%E7%89%99.png",""
"紅心四點","","Ellery Queen","Queen, Ellery","臉譜","","2005","","303","9789867335562","","https://ap13.ragic.com/sims/file.jsp?a=gcboytw&f=3jAK2FQm0l%409789867335562-%E7%B4%85%E5%BF%83%E5%9B%9B%E9%BB%9E.png",""
"戰前酒","","Dennis Lehane","Lehane, Dennis","臉譜出版","","2007","","312","9789867058768","","https://ap13.ragic.com/sims/file.jsp?a=gcboytw&f=Zuc5UT48t8%409789867058768-%E6%88%B0%E5%89%8D%E9%85%92.png",""
"黑暗, 帶我走","","Dennis Lehane","Lehane, Dennis","臉譜出版","","2007","A man is murdered in Boston by crucifixion, recalling a similar murder 20 years earlier for which a killer is serving time in prison. So it can't be him, or can it? As bodies pile up PIs Angela Dimassi Gennaro and Patrick Kenzie go to work.","472","9789867058867","","https://ap13.ragic.com/sims/file.jsp?a=gcboytw&f=6M17RUS2f0%409789867058867-%E9%BB%91%E6%9A%97%E5%B8%B6%E6%88%91%E8%B5%B0.jpg",""
"阿若優的星盤詮釋指南","Chart Interpretation Handbook: Guidelines for Understanding Essentials of the Birth Chart","史蒂芬．阿若優","Stephen Arroyo","木馬文化","2014/05/28","2014","內容簡介
認識人本占星的科學觀念
條列式精簡詮釋，查閱方便
完整解析本命盤，步驟明確
認識自己、瞭解別人，優化人際關係
占星學是一種嚴謹的心理科學嗎？
要如何看懂自己的「本命盤」？","224","9789863590064","","https://ap13.ragic.com/sims/file.jsp?a=gcboytw&f=FfTO9Y2Abz%409789863590064-%E9%98%BF%E8%8B%A5%E5%84%AA%E7%9A%84%E6%98%9F%E7%9B%A4%E8%A9%AE%E9%87%8B%E6%8C%87%E5%8D%97.jpg","塔羅占星"
"星座與健康","","珍妮•亞維瑞","","林鬱文化","1999/11/01","1999","","412","9789577546159","","https://ap13.ragic.com/sims/file.jsp?a=gcboytw&f=HquX3cArhM%409789577546159-%E6%98%9F%E5%BA%A7%E8%88%87%E5%81%A5%E5%BA%B7.jpg","塔羅占星"
"Z的悲劇","","Ellery Queen","Ellery Queen","臉譜出版","","1995","","310","9789577083067","","https://ap13.ragic.com/sims/file.jsp?a=gcboytw&f=l86AudSI0Y%409789577083067-Z%E7%9A%84%E6%82%B2%E5%8A%87.jpg",""
"Y的悲劇","","Ellery Queen","Ellery Queen","臉譜出版","","1995","","388","9789577083005","","https://ap13.ragic.com/sims/file.jsp?a=gcboytw&f=37PTbodU2o%409789577083005-Y%E7%9A%84%E6%82%B2%E5%8A%87.jpg",""
"謎詭-土屋隆夫特輯","","獨步文化編輯部","獨步文化編輯部","獨步文化","","2007","","","9789866954726","","https://ap13.ragic.com/sims/file.jsp?a=gcboytw&f=O6tgD2482j%409789866954726-%E8%AC%8E%E8%A9%AD.jpg",""
"眾神喧譁的年代","","菲力浦．弗裡曼(Philip Freeman)","Freeman), 菲力浦．弗裡曼(Philip","商周出版","2013/03/05","2013","人人書櫃裡都有一本讀不完的希臘羅馬神話，但這本一定讓你忍不住一頁一頁翻完它！不再是斷簡殘篇的故事拼貼，不再是學術殿堂的嚴肅讀物一本新說經典，復刻神話美學高潮迭起的情節、鮮活刻劃的角色完整呈現傳說中瘋狂失控的眾神、情慾賁張的糾葛、混亂騷動的世界橫跨了好幾千年，神話非但從未過時，甚至歷久彌新啟發了後代戲劇、歌劇、繪畫、小說創作的誕生，感動世世代代的人們。一連串精采萬分的寓言故事，訴說著愛情與失去、勇氣與痛苦、生命與死亡等不朽的文學主題，承載著人心隱晦曖昧的幽暗、生命未解之謎。【精采內容】《眾神喧譁的年代》由才華洋溢的學者兼作家菲力浦．弗裡曼重新闡述最受人歡迎的神話。行為脫軌的天神、美妙奇幻的生物、人類英雄的故事，全都活靈活現地以全新的現代樣貌，重新呈現於讀者眼前。眾神中最強而有力的天神宙斯，為何費盡心思追逐女人卻難安撫善妒的妻子？才華洋溢又高大英俊的阿波羅，又是為什麼老在情場吃不開？他桂冠上的月桂，如何標誌他失敗的愛情？驍勇善戰的戰神阿瑞斯竟是不敢承擔失敗的膽小鬼？另外還有其他天神們──美麗的阿芙柔黛蒂、剽悍的雅典娜、敏捷的赫美斯，以及無畏的英雄提修斯和赫丘力士，悲劇戀人希羅和李安德、奧菲斯與尤麗黛，他們淒美的故事至今仍可教人心碎。從永恆不朽的特洛伊戰爭，到驚心動魄的奧德修斯迷航記，這些古老神話是西洋文學的濫觴，滋養了後世無數作家的想像沃土。本書蒐集了一則則流傳千年不朽的希羅神話，擷取散落於不同經典的故事精華，重新以現代人的觀點和語言詮釋，忠實且完整呈現希羅神話的精神，刻畫那些藏於人性的愛恨嗔慾。精彩的劇情起伏，簡單直白的敘述，提供當代讀者更全面的希羅文化視野。【好評推薦】「根據單一版本時深諳去蕪存菁之道，根據多重版本時充分掌握融會貫通的竅門，無縫隙接軌希臘和羅馬兩個神話系統，講故事富現代感。」──東吳大學外文系教授 呂健忠「令人激賞！從宙斯到希拉，弗裡曼將這些好事、狡猾、善變、愛報復的眾神化成紙上生動的角色，以優美的文字清晰地呈現他們暴力又失控的事蹟。」──《書單》Booklist「藝術的筆法、清晰文筆優美流暢，每段敘述中都有作者對神話的真誠熱情。非常好讀！」──《圖書館雜誌》Library Journal「菲力浦．弗裡曼持續努力替現代社會保留古典文明。就像他的其他著作一般，這本實屬必讀佳作！」──《布瑞恩莫爾古典評論》Bryn Mawr Classical Review?出版社 商周出版 (城邦)","420","9789862723302","","https://ap13.ragic.com/sims/file.jsp?a=gcboytw&f=LAbLl87F90%409789862723302-%E7%9C%BE%E7%A5%9E%E5%96%A7%E8%AD%81%E7%9A%84%E5%B9%B4%E4%BB%A3.jpg",""
"哲瑞雷恩的最後探案","","Ellery Queen","Ellery Queen","臉譜出版","","1995","","340","9789577083074","","https://ap13.ragic.com/sims/file.jsp?a=gcboytw&f=055P2C3HB7%409789577083074-%E5%93%B2%E7%91%9E%E9%9B%B7%E6%81%A9%E7%9A%84%E6%9C%80%E5%BE%8C%E6%8E%A2%E6%A1%88.jpg",""
"哈利波特-鳳凰會的密令(上）(下）","鳳凰會的密令(上）（下）","J. K. Rowling","Rowling, J. K.","皇冠文化","","2003","","941","9789573319863","","https://ap13.ragic.com/sims/file.jsp?a=gcboytw&f=w1FKmPg8Sd%409789573319863-%E9%B3%B3%E5%87%B0%E6%9C%83%E7%9A%84%E5%AF%86%E4%BB%A4.jpg",""
"哈利波特-阿茲卡班的逃犯","阿茲卡班的逃犯","J. K. Rowling","Rowling, J. K.","皇冠文化","","2001","","507","9789573318002","","https://ap13.ragic.com/sims/file.jsp?a=gcboytw&f=7Z4crOErZ9%409789573318002-%E9%98%BF%E8%8C%B2%E5%8D%A1%E7%8F%AD%E7%9A%84%E9%80%83%E7%8A%AF.jpg",""
"全球武器大圖解","","陳豫弘","陳豫弘","How it works","","2022","","255","9789864416684","","https://ap13.ragic.com/sims/file.jsp?a=gcboytw&f=ASSTDWUYi1%409789864416684-%E5%85%A8%E7%90%83%E6%AD%A6%E5%99%A8%E5%A4%A7%E5%9C%96%E8%A7%A3.jpg",""
"不祥的奪命魔鑼","","Jacques Futrelle","Futrelle, Jacques","臉譜出版","","2007","","218","9789866739002","","https://ap13.ragic.com/sims/file.jsp?a=gcboytw&f=1sgd48wYqr%409789866739002-%E4%B8%8D%E7%A5%A5%E7%9A%84%E5%A5%AA%E5%91%BD%E9%AD%94%E9%91%BC.jpg",""
"尖端神經科學","","科學人編輯部","","遠流","2019/10/01","2019","","160","","4-719025-008712","https://ap13.ragic.com/sims/file.jsp?a=gcboytw&f=2Sq3jpEnSV%404719025008712-%E5%B0%96%E7%AB%AF%E7%A5%9E%E7%B6%93%E7%A7%91%E5%AD%B8.png","科學人博學誌"
"科學探險奇兵","","科學人編輯部","","遠流","2019/11/29","2019","","160","","4-719025-008729","https://ap13.ragic.com/sims/file.jsp?a=gcboytw&f=W1i7G7GxUe%404719025008729-%E7%A7%91%E5%AD%B8%E6%8E%A2%E9%9A%AA%E5%A5%87%E5%85%B5.png","科學人博學誌"
"活靈活現 動物行為","","科學人編輯部","","遠流","2017/01/19","2017","","152","","4-719025-006534","https://ap13.ragic.com/sims/file.jsp?a=gcboytw&f=oh3TGc63si%404719025006534-%E6%B4%BB%E9%9D%88%E6%B4%BB%E7%8F%BE%E5%8B%95%E7%89%A9%E8%A1%8C%E7%82%BA.png","科學人博學誌"
"問, 時間為何物?","","科學人編輯部","","遠流","2016/09/01","2016","","152","","4-719025-006497","https://ap13.ragic.com/sims/file.jsp?a=gcboytw&f=LwWFV74fid%404719025006497-%E5%95%8F%E6%99%82%E9%96%93%E7%82%BA%E4%BD%95%E7%89%A9.png","科學人博學誌"
"邁向新物理","","科學人編輯部","","遠流","2018/12/01","2018","","160","","4-719025-007791","https://ap13.ragic.com/sims/file.jsp?a=gcboytw&f=qH96iyryhZ%404719025007791-%E9%82%81%E5%90%91%E6%96%B0%E7%89%A9%E7%90%86.png","科學人博學誌"
"疾病新解","","科學人編輯部","","遠流","2018/10/01","2018","","160","","4-719025-007784","https://ap13.ragic.com/sims/file.jsp?a=gcboytw&f=qEAwWlGI1E%404719025007784-%E7%96%BE%E7%97%85%E6%96%B0%E8%A7%A3.png","科學人博學誌"
"懸而未決的物理難題","","科學人編輯部","","遠流","2017/07/24","2017","","160","","4-719025-007104","https://ap13.ragic.com/sims/file.jsp?a=gcboytw&f=w3Cva0gYX1%404719025007104-%E6%87%B8%E8%80%8C%E6%9C%AA%E6%B1%BA%E7%9A%84%E7%89%A9%E7%90%86%E9%9B%A3%E9%A1%8C.png","科學人博學誌"
"窺探心理","","科學人編輯部","","遠流","2018/08/01","2018","","160","","4-719025-007777","https://ap13.ragic.com/sims/file.jsp?a=gcboytw&f=6FouhGwu3l%404719025007777-%E7%AA%BA%E6%8E%A2%E5%BF%83%E7%90%86.png","科學人博學誌"
"鍍金人","The Gilded Man","卡特‧狄克遜","Carter Dickson","遠流","2000/01/01","2000","","","9789573242451","","https://ap13.ragic.com/sims/file.jsp?a=gcboytw&f=aqp1O77z2x%409789573242451-%E9%8D%8D%E9%87%91%E4%BA%BA.jpg","謀殺專門店"
"裁判有誤","Trial and Error","安東尼．柏克萊","Anthony Berkeley","遠流","2000/12/01","2000","","479","9789573241898","","https://ap13.ragic.com/sims/file.jsp?a=gcboytw&f=n1KCLw3Er1%409789573241898-%E8%A3%81%E5%88%A4%E6%9C%89%E8%AA%A4.jpg","謀殺專門店"
"骸骨與沉默","Bones and Silence","雷金納．希爾","Reginald Hill","遠流","2000/10/01","2000","","576","9789573241638","","https://ap13.ragic.com/sims/file.jsp?a=gcboytw&f=pYOUpY3njA%409789573241638-%E9%AA%B8%E9%AA%A8%E8%88%87%E6%B2%89%E9%BB%98.jpg","謀殺專門店"
"我嫁了一個死人","I Married a Dead Man","康乃爾．伍立奇","Cornell Woolrich","遠流","2000/10/01","2000","","319","9789573241911","","https://ap13.ragic.com/sims/file.jsp?a=gcboytw&f=3t3th121L0%409789573241911-%E6%88%91%E5%AB%81%E4%BA%86%E4%B8%80%E5%80%8B%E6%AD%BB%E4%BA%BA.jpg","謀殺專門店"
"黑衣新娘","The Bride Wore Black","康乃爾．伍立奇","Cornell Woolrich","遠流","2000/08/01","2000","","288","9789573241454","","https://ap13.ragic.com/sims/file.jsp?a=gcboytw&f=Iv78GmeAR1%409789573241454-%E9%BB%91%E8%A1%A3%E6%96%B0%E5%A8%98.jpg","謀殺專門店"
"玫瑰山莊","At the Villa Rose","A. E. W. 梅森","A. E. W. Mason","遠流","2000/01/01","2000","","","9789573241348","","https://ap13.ragic.com/sims/file.jsp?a=gcboytw&f=4V0S185E54%409789573241348-%E7%8E%AB%E7%91%B0%E5%B1%B1%E8%8E%8A.jpg","謀殺專門店"
"史岱爾莊謀殺案","The Mysterious Affair at Styles","阿嘉莎．克莉絲蒂","Agatha Christie","遠流","2000/07/01","2000","","287","9789573241089","","https://ap13.ragic.com/sims/file.jsp?a=gcboytw&f=4jVh75gs50%409789573241089-%E5%8F%B2%E5%B2%B1%E7%88%BE%E8%8E%8A%E8%AC%80%E6%AE%BA%E6%A1%88.jpg","謀殺專門店"
"昆恩的靜默世界","The Silent World of Nicholas Quinn","柯林．德克斯特","Colin Dexter","遠流","1998/07/01","1998","","351","9789573235200","","https://ap13.ragic.com/sims/file.jsp?a=gcboytw&f=Yq7BVJ8t4b%409789573235200-%E6%98%86%E6%81%A9%E7%9A%84%E9%9D%9C%E9%BB%98%E4%B8%96%E7%95%8C.jpg","謀殺專門店"
"校長宿舍謀殺案","Death at the President's Lodging","麥可．伊尼士","Michael Innes","遠流","2002/09/01","2002","","303","9789573245834","","https://ap13.ragic.com/sims/file.jsp?a=gcboytw&f=LB630VaF7O%409789573245834-%E6%A0%A1%E9%95%B7%E5%AE%BF%E8%88%8D%E8%AC%80%E6%AE%BA%E6%A1%88.jpg","謀殺專門店"
"閘邊足印","The Footsteps at the Lock","羅納德．諾克斯","Ronald A. Knox","遠流","2002/03/01","2002","","255","9789573245650","","https://ap13.ragic.com/sims/file.jsp?a=gcboytw&f=8935LV751q%409789573245650-%E9%96%98%E9%82%8A%E8%B6%B3%E5%8D%B0.jpg","謀殺專門店"
"眼中的獵物","A Beast In View","瑪格麗特．米勒","Margaret Millar","遠流","2001/01/01","2001","","255","9789573245131","","https://ap13.ragic.com/sims/file.jsp?a=gcboytw&f=LBQ0shQQ07%409789573245131-%E7%9C%BC%E4%B8%AD%E7%9A%84%E7%8D%B5%E7%89%A9.jpg","謀殺專門店"
"銼刀","The Rasp","菲利普．麥唐諾","Philip MacDonald","遠流","2001/12/01","2001","","351","9789573245223","","https://ap13.ragic.com/sims/file.jsp?a=gcboytw&f=Q2MpuCwo9O%409789573245223-%E9%8A%BC%E5%88%80.jpg","謀殺專門店"
"巴西來的男孩","The Boys from Brazil","艾拉．雷文","Ira Levin","遠流","2001/10/01","2001","","399","9789573244516","","https://ap13.ragic.com/sims/file.jsp?a=gcboytw&f=hLUcGNOV0E%409789573244516-%E5%B7%B4%E8%A5%BF%E4%BE%86%E7%9A%84%E7%94%B7%E5%AD%A9.jpg","謀殺專門店"
"宋戴克醫師名案集","The Famous cases of Dr. Thorndyke","理查．奧斯汀．傅里曼","Richard Austin Freeman","遠流","2001/01/01","2001","","319","9789573244707","","https://ap13.ragic.com/sims/file.jsp?a=gcboytw&f=5256882w43%409789573244707-%E5%AE%8B%E6%88%B4%E5%85%8B%E9%86%AB%E5%B8%AB%E5%90%8D%E6%A1%88%E9%9B%86.jpg","謀殺專門店"
"死前之吻","A Kiss Before Dying","艾拉．雷文","Ira Levin","遠流","2001/01/01","2001","","399","9789573244103","","https://ap13.ragic.com/sims/file.jsp?a=gcboytw&f=egswZRl19c%409789573244103-%E6%AD%BB%E5%89%8D%E4%B9%8B%E5%90%BB.jpg","謀殺專門店"
"毒巧克力命案","The Poisoned Chocolates Case","安東尼．柏克萊","Anthony Berkeley","遠流","2001/08/01","2001","","271","9789573244059","","https://ap13.ragic.com/sims/file.jsp?a=gcboytw&f=g6GxZ7t1I6%409789573244059-%E6%AF%92%E5%B7%A7%E5%85%8B%E5%8A%9B%E5%91%BD%E6%A1%88.jpg","謀殺專門店"
"古烏伏手卷","The Godwulf Manuscript","羅勃．派克","Robert B. Parker","遠流","2001/06/01","2001","","272","9789573243762","","https://ap13.ragic.com/sims/file.jsp?a=gcboytw&f=87iqaXb1f9%409789573243748-%E5%8F%A4%E7%83%8F%E4%BC%8F%E6%89%8B%E5%8D%B7.jpg","謀殺專門店"
"禮諾謀殺案","The Rynox Murder","菲利普．麥唐諾","Philip MacDonald","遠流","2001/01/01","2001","","207","9789573243762","","https://ap13.ragic.com/sims/file.jsp?a=gcboytw&f=hB305mH4PG%409789573243762-%E7%A6%AE%E8%AB%BE%E8%AC%80%E6%AE%BA%E6%A1%88.jpg","謀殺專門店"
"迷途羔羊","God Save the Child","羅勃．派克","Robert B. Parker","遠流","2001/01/01","2001","","","9789573243168","","https://ap13.ragic.com/sims/file.jsp?a=gcboytw&f=AXf6rbqtjo%409789573243168-%E8%BF%B7%E9%80%94%E7%BE%94%E7%BE%8A.jpg","謀殺專門店"
"恐怖角","Cape Fear","約翰．麥唐諾","John D. MacDonald","遠流","2001/02/15","2001","","288","9789573242994","","https://ap13.ragic.com/sims/file.jsp?a=gcboytw&f=47898V4QrO%409789573242994-%E6%81%90%E6%80%96%E8%A7%92.jpg","謀殺專門店"
"深藍再見","The Deep Blue Good-by","約翰．麥唐諾","John D. MacDonald","遠流","2001/01/01","2001","","255","9789573243403","","https://ap13.ragic.com/sims/file.jsp?a=gcboytw&f=2cN0m0JdqT%409789573242994-%E6%81%90%E6%80%96%E8%A7%92.jpg","謀殺專門店"
"人不可貌相","Skin Deep","彼得．狄金生","Peter Dickinson","遠流","2002/01/01","2002","","255","9789573248002","","https://ap13.ragic.com/sims/file.jsp?a=gcboytw&f=11G2zeSt7j%409789573248002-%E4%BA%BA%E4%B8%8D%E5%8F%AF%E8%B2%8C%E7%9B%B8.jpg","謀殺專門店"
"貴族之死","Death of A Peer","奈歐．馬許","Ngaio Marsh","遠流","2002/01/01","2002","","495","9789573247975","","https://ap13.ragic.com/sims/file.jsp?a=gcboytw&f=I9zZgm65u0%409789573247975-%E8%B2%B4%E6%97%8F%E4%B9%8B%E6%AD%BB.jpg","謀殺專門店"
"棉花闖哈林","Cotton Comes To Harlem","卻斯特‧海姆斯","Chester Himes","遠流","2002/01/01","2002","","319","9789573247234","","https://ap13.ragic.com/sims/file.jsp?a=gcboytw&f=a4kxd16vLF%409789573247234-%E6%A3%89%E8%8A%B1%E9%97%96%E5%93%88%E6%9E%97.jpg","謀殺專門店"
"紅盒子","The Red Box","雷克斯．史陶特","Rex Stout","遠流","2002/09/01","2002","","","9789573247012","","https://ap13.ragic.com/sims/file.jsp?a=gcboytw&f=c4gvm9fs45%409789573247012-%E7%B4%85%E7%9B%92%E5%AD%90.jpg","謀殺專門店"
"嚇破膽聯盟","The League of Frightened Men","雷克斯．史陶特","Rex Stout","遠流","2002/01/01","2002","","383","9789573246411","","https://ap13.ragic.com/sims/file.jsp?a=gcboytw&f=RB4eXbNhN3%409789573246411-%E5%9A%87%E7%A0%B4%E8%86%BD%E8%81%AF%E7%9B%9F.jpg","謀殺專門店"
"十八號病房","The Patient in Room 18","曼儂．古德．愛波哈特","Mignon G. Eberhart","遠流","2002/01/01","2002","","","9789573246640","","https://ap13.ragic.com/sims/file.jsp?a=gcboytw&f=Zu2o3IKFY9%409789573246640-%E5%8D%81%E5%85%AB%E8%99%9F%E7%97%85%E6%88%BF.jpg","謀殺專門店"
"艾伯比的終點站","Appleby's End","麥可．伊尼士","Michael Innes","遠流","2002/05/02","2003","","287","9789573246039","","https://ap13.ragic.com/sims/file.jsp?a=gcboytw&f=Q19fTI7NR9%409789573246039-%E8%89%BE%E4%BC%AF%E6%AF%94%E7%9A%84%E7%B5%82%E9%BB%9E%E7%AB%99.jpg","謀殺專門店"
"本店招牌菜","The Specialty of the House and Other Stories","史丹利．艾林","Stanley Ellin","遠流","2002/05/01","2002","","287","9789573246015","","https://ap13.ragic.com/sims/file.jsp?a=gcboytw&f=Vq4b1X1s00%409789573246015-%E6%9C%AC%E5%BA%97%E6%8B%9B%E7%89%8C%E8%8F%9C.jpg","謀殺專門店"
"火氣上升","The Heat's On","卻斯特‧海姆斯","Chester Himes","遠流","2002/01/01","2002","","287","9789573247654","","https://ap13.ragic.com/sims/file.jsp?a=gcboytw&f=c1G1oVJyR1%409789573247654-%E7%81%AB%E6%B0%A3%E4%B8%8A%E5%8D%87.jpg","謀殺專門店"
"M-金色預謀","","葛拉夫頓","葛拉夫頓","小知堂文化","","2007","","377","9789574505432","","https://ap13.ragic.com/sims/file.jsp?a=gcboytw&f=JiYn3IS1CJ%409789574505432-M_%E9%87%91%E8%89%B2%E9%A0%90%E8%AC%80.jpg","字母天后"
"L-法外正義","","葛拉夫頓","葛拉夫頓","小知堂文化","","2007","","380","9789574505272","","https://ap13.ragic.com/sims/file.jsp?a=gcboytw&f=wSizu1iRce%409789574505272-L_%E6%B3%95%E5%A4%96%E6%AD%A3%E7%BE%A9.jpg","字母天后"
"K-情色殺機","","葛拉夫頓","葛拉夫頓","小知堂文化","","2006","","380","9789574505210","","https://ap13.ragic.com/sims/file.jsp?a=gcboytw&f=my0RjfOGED%409789574505210-K_%E6%83%85%E8%89%B2%E6%AE%BA%E6%A9%9F.jpg","字母天后"
"J-變調的審判","","葛拉夫頓","葛拉夫頓","小知堂文化","","2006","","374","9789574504954","","https://ap13.ragic.com/sims/file.jsp?a=gcboytw&f=Vy0INA5aQH%409789574504954-J_%E8%AE%8A%E8%AA%BF%E7%9A%84%E5%AF%A9%E5%88%A4.jpg","字母天后"
"I-孤注一擲","","葛拉夫頓","葛拉夫頓","小知堂文化","","2006","","316","9789574504794","","https://ap13.ragic.com/sims/file.jsp?a=gcboytw&f=xl8L886xpu%409789574504794-I_%E5%AD%A4%E6%B3%A8%E4%B8%80%E6%93%B2.jpg","字母天后"
"H-異色狙殺","","葛拉夫頓","葛拉夫頓","小知堂文化","","2006","","286","9789574504732","","https://ap13.ragic.com/sims/file.jsp?a=gcboytw&f=DcWvlFY85C%409789574504732-H_%E7%95%B0%E8%89%B2%E7%8B%99%E6%AE%BA.jpg","字母天后"
"G-魅影殺手","","葛拉夫頓","葛拉夫頓","小知堂文化","","2006","","313","9789574504664","","https://ap13.ragic.com/sims/file.jsp?a=gcboytw&f=d05i4Q51FG%409789574504664-G_%E9%AD%85%E5%BD%B1%E6%AE%BA%E6%89%8B.jpg","字母天后"
"F-亡命之徒","","葛拉夫頓","葛拉夫頓","小知堂文化","","2006","","280","9789574504558","","https://ap13.ragic.com/sims/file.jsp?a=gcboytw&f=Mw64Lg8s1f%409789574504558-F_%E4%BA%A1%E5%91%BD%E4%B9%8B%E5%BE%92.jpg","字母天后"
"E-鐵證如山","","葛拉夫頓","葛拉夫頓","小知堂文化","","2005","","251","9789574504381","","https://ap13.ragic.com/sims/file.jsp?a=gcboytw&f=CmkJU7G2IE%409789574504381-E_%E9%90%B5%E8%AD%89%E5%A6%82%E5%B1%B1.jpg","字母天后"
"D-兇手的意外","","葛拉夫頓","葛拉夫頓","小知堂文化","","2005","","275","9789574504213","","https://ap13.ragic.com/sims/file.jsp?a=gcboytw&f=sq1B7m5Tq2%409789574504213-D_%E5%85%87%E6%89%8B%E7%9A%84%E6%84%8F%E5%A4%96.jpg","字母天后"
"C-死亡陷阱","","葛拉夫頓","葛拉夫頓","小知堂文化","","2005","","284","9789574504206","","https://ap13.ragic.com/sims/file.jsp?a=gcboytw&f=6Gp305bkB3%409789574504206-C_%E6%AD%BB%E4%BA%A1%E9%99%B7%E9%98%B1.jpg","字母天后"
"B-瞞天過海","","葛拉夫頓","葛拉夫頓","小知堂文化","","2005","","270","9789574504190","","https://ap13.ragic.com/sims/file.jsp?a=gcboytw&f=30A7RVwgwz%409789574504190-B_%E7%9E%9E%E5%A4%A9%E9%81%8E%E6%B5%B7.jpg","字母天后"
"A-不在場證明","","葛拉夫頓","葛拉夫頓","小知堂文化","","2005","","286","9789574504183","","https://ap13.ragic.com/sims/file.jsp?a=gcboytw&f=1qthMkeIUP%409789574504183-A_%E4%B8%8D%E5%9C%A8%E5%A0%B4%E8%AD%89%E6%98%8E.jpg","字母天后"
"鐵針奇案","The Chinese nail murders","高羅佩","Gulik, Robert Hans van","臉譜出版","","2001","","268","9789574698165","","https://ap13.ragic.com/sims/file.jsp?a=gcboytw&f=9gMJ2632GN%409789574698165-%E9%90%B5%E9%87%9D%E5%A5%87%E6%A1%88.jpg",""
"斷指奇案","","高羅佩","Gulik, Robert Hans van","臉譜出版","","2002","","154","9789574698578","","https://ap13.ragic.com/sims/file.jsp?a=gcboytw&f=AlnL9N408f%409789574698578-%E6%96%B7%E6%8C%87%E5%A5%87%E6%A1%88.jpg",""
"柳園圖奇案","The willow pattern","高羅佩","Gulik, Robert Hans van","臉譜出版","","2002","","246","9789574698424","","https://ap13.ragic.com/sims/file.jsp?a=gcboytw&f=NZyi75K1Wy%409789574698424-%E6%9F%B3%E5%9C%92%E5%9C%96%E5%A5%87%E6%A1%88.jpg",""
"廣州奇案","","高羅佩","Gulik, Robert Hans van","臉譜出版","","2002","","305","9789574698431","","https://ap13.ragic.com/sims/file.jsp?a=gcboytw&f=2e5DMnqaX6%409789574698431-%E5%BB%A3%E5%B7%9E%E5%A5%87%E6%A1%88.jpg",""
"紫雲寺奇案","The phantom of the temple","高羅佩","Gulik, Robert Hans van","臉譜出版","","2002","","289","9789574698158","","https://ap13.ragic.com/sims/file.jsp?a=gcboytw&f=QR939GBdJh%409789574698158-%E7%B4%AB%E9%9B%B2%E5%AF%BA%E5%A5%87%E6%A1%88.jpg",""
"朝雲觀奇案","The haunted monastery","高羅佩","Gulik, Robert Hans van","臉譜出版","","2001","","278","9789574693306","","https://ap13.ragic.com/sims/file.jsp?a=gcboytw&f=9U00d75sFI%409789574693306-%E6%9C%9D%E9%9B%B2%E8%A7%80%E5%A5%87%E6%A1%88.jpg",""
"迷宮奇案","The Chinese maze murders","高羅佩","Gulik, Robert van","臉譜出版","","2002","","376","9789574695102","","https://ap13.ragic.com/sims/file.jsp?a=gcboytw&f=5bG2q1P4bw%409789574695102-%E8%BF%B7%E5%AE%AE%E5%A5%87%E6%A1%88.jpg",""
"太子棺奇案","","高羅佩","Gulik, Robert Hans van","臉譜出版","","2002","","287","9789574698585","","https://ap13.ragic.com/sims/file.jsp?a=gcboytw&f=P4A3H73OCe%409789574698585-%E5%A4%AA%E5%AD%90%E6%A3%BA%E5%A5%87%E6%A1%88.jpg",""
"黯夜女子","","漢密特,Dashiell Hammett","漢密特,Dashiell Hammett","臉譜出版","","1998","","121","9789577086679","","https://ap13.ragic.com/sims/file.jsp?a=gcboytw&f=7U0fnb17r1%409789577086679-%E9%BB%AF%E5%A4%9C%E5%A5%B3%E5%AD%90.jpg",""
"瘦子","","漢密特,Dashiell Hammett","Hammett, Dashiell","臉譜出版","","1999","","259","9789577087232","","https://ap13.ragic.com/sims/file.jsp?a=gcboytw&f=d9eK5uqWiY%409789577087232-%E7%98%A6%E5%AD%90.jpg",""
"玻璃鑰匙","","漢密特,Dashiell Hammett","漢密特","臉譜出版","","2000","","","9789574691357","","https://ap13.ragic.com/sims/file.jsp?a=gcboytw&f=j7IGtp0mkJ%409789574691357-%E7%8E%BB%E7%92%83%E9%91%B0%E5%8C%99.jpg",""
"紅色收穫","","漢密特,Dashiell Hammett","漢密特","臉譜出版","","1998","","251","9789577086303","","https://ap13.ragic.com/sims/file.jsp?a=gcboytw&f=C0WrgL71M7%409789577086303-%E7%B4%85%E8%89%B2%E6%94%B6%E7%A9%AB.jpg",""
"螺絲起子","","漢密特,Dashiell Hammett","漢密特,Dashiell Hammett","臉譜出版","","2000","","588","9789574692255","","https://ap13.ragic.com/sims/file.jsp?a=gcboytw&f=1IhKXc03CH%409789574692255-%E8%9E%BA%E7%B5%B2%E8%B5%B7%E5%AD%90.jpg",""
"丹恩咒詛","","漢密特,Dashiell Hammett","漢密特,Dashiell Hammett","臉譜出版","","1998","","266","9789577086495","","https://ap13.ragic.com/sims/file.jsp?a=gcboytw&f=0x6G220lby%409789577086495-%E4%B8%B9%E6%81%A9%E5%92%92%E8%A9%9B.jpg",""
"馬爾他之鷹","","漢密特,Dashiell Hammett","漢密特,Dashiell Hammett","臉譜出版","","1998","","264","9789577086228","","https://ap13.ragic.com/sims/file.jsp?a=gcboytw&f=92LP5GCih8%409789577086228-%E9%A6%AC%E7%88%BE%E4%BB%96%E4%B9%8B%E9%B7%B9.jpg",""
"大陸偵探社","","漢密特,Dashiell Hammett","漢密特,Dashiell Hammett","臉譜出版","","1998","","316","9789577086990","","https://ap13.ragic.com/sims/file.jsp?a=gcboytw&f=99CSI1042y%409789577086990-%E5%A4%A7%E9%99%B8%E5%81%B5%E6%8E%A2%E7%A4%BE.jpg",""
"碧眼少女","","莫里士·盧布朗 Maurice Leblanc","Leblanc, Maurice","小知堂文化","","2001","","265","9789574500369","","https://ap13.ragic.com/sims/file.jsp?a=gcboytw&f=k9rznPpI2G%409789574500369-%E7%A2%A7%E7%9C%BC%E5%B0%91%E5%A5%B3.jpg",""
"綠寶石之謎","","莫里士·盧布朗 Maurice Leblanc","Leblanc, Maurice","小知堂文化","","2003","","189","9789574501793","","https://ap13.ragic.com/sims/file.jsp?a=gcboytw&f=N1VnZhTPh3%409789574501793-%E7%B6%A0%E5%AF%B6%E7%9F%B3%E4%B9%8B%E8%AC%8E.jpg",""
"神探與羅蘋","Victor de la brigade mondaine","莫里士·盧布朗 Maurice Leblanc","Leblanc, Maurice","小知堂文化","","2003","","269","9789574502356","","https://ap13.ragic.com/sims/file.jsp?a=gcboytw&f=PGWzAp73Aq%409789574502356-%E7%A5%9E%E6%8E%A2%E8%88%87%E7%BE%85%E8%98%8B.jpg",""
"幽靈殺手","","莫里士·盧布朗 Maurice Leblanc","Leblanc, Maurice","小知堂文化","","2003","","269","9789574501960","","https://ap13.ragic.com/sims/file.jsp?a=gcboytw&f=Rn1Ep92wHb%409789574501960-%E5%B9%BD%E9%9D%88%E6%AE%BA%E6%89%8B.jpg",""
"金三角","","莫里士·盧布朗 Maurice Leblanc","Leblanc, Maurice","小知堂文化","","2001","","319","9789574500116","","https://ap13.ragic.com/sims/file.jsp?a=gcboytw&f=6PQKm2MSP0%409789574500116-%E9%87%91%E4%B8%89%E8%A7%92.jpg",""
"虎牙","","莫里士·盧布朗 Maurice Leblanc","Leblanc, Maurice","小知堂文化","","2001","","383","9789570405972","","https://ap13.ragic.com/sims/file.jsp?a=gcboytw&f=620ApFZP85%409789570405972-%E8%99%8E%E7%89%99.jpg",""
"怪盜與名偵探","","莫里士·盧布朗 Maurice Leblanc","Leblanc, Maurice","小知堂文化","","2001","","271","9789570405750","","https://ap13.ragic.com/sims/file.jsp?a=gcboytw&f=5BKcxJmy9P%409789570405750-%E6%80%AA%E7%9B%9C%E8%88%87%E5%90%8D%E5%81%B5%E6%8E%A2.jpg",""
"奇巖城","","莫里士·盧布朗 Maurice Leblanc","Leblanc, Maurice","小知堂文化","","2001","","287","9789570405712","","https://ap13.ragic.com/sims/file.jsp?a=gcboytw&f=3MCAhJA8pE%409789570405712-%E5%A5%87%E5%B7%96%E5%9F%8E.jpg",""
"奇怪的屋子","","莫里士·盧布朗 Maurice Leblanc","Leblanc, Maurice","小知堂文化","","2004","","","9789574500413","","https://ap13.ragic.com/sims/file.jsp?a=gcboytw&f=X86ES9D8j3%409789574500413-%E5%A5%87%E6%80%AA%E7%9A%84%E5%B1%8B%E5%AD%90.jpg",""
"棺材島","L'île aux trente cercueils","莫里士·盧布朗 Maurice Leblanc","Leblanc, Maurice","小知堂文化","","2004","","303","9789570405910","","https://ap13.ragic.com/sims/file.jsp?a=gcboytw&f=6x0QvH7T3D%409789570405910-%E6%A3%BA%E6%9D%90%E5%B3%B6.jpg",""
"紳士怪盜","","莫里士·盧布朗 Maurice Leblanc","Leblanc, Maurice","小知堂文化","","2003","","240","9789570405736","","https://ap13.ragic.com/sims/file.jsp?a=gcboytw&f=2QQB0faL0o%409789570405736-%E7%B4%B3%E5%A3%AB%E6%80%AA%E7%9B%9C.jpg",""
"813之謎","","莫里士·盧布朗 Maurice Leblanc","Leblanc, Maurice","小知堂文化","","2001","","462","9789570405767","","https://ap13.ragic.com/sims/file.jsp?a=gcboytw&f=xt3rb2RTK7%409789570405767-813%E4%B9%8B%E8%AC%8E.jpg",""
"八大奇案","","莫里士·盧布朗 Maurice Leblanc","Leblanc, Maurice","小知堂文化","","2004","","","9789574500161","","https://ap13.ragic.com/sims/file.jsp?a=gcboytw&f=Ui101W4H3k%409789574500161-%E5%85%AB%E5%A4%A7%E5%A5%87%E6%A1%88.jpg",""
"古堡驚魂","","莫里士·盧布朗 Maurice Leblanc","Leblanc, Maurice","小知堂文化","","2004","","","9789574502011","","https://ap13.ragic.com/sims/file.jsp?a=gcboytw&f=FfYbbtNssO%409789574502011-%E5%8F%A4%E5%A0%A1%E9%A9%9A%E9%AD%82.jpg",""
"名偵探羅蘋","","莫里士·盧布朗 Maurice Leblanc","Leblanc, Maurice","小知堂文化","","2002","","223","9789574500123","","https://ap13.ragic.com/sims/file.jsp?a=gcboytw&f=NaE7qxhIZn%409789574500123-%E5%90%8D%E5%81%B5%E6%8E%A2%E7%BE%85%E8%98%8B.jpg",""
"魔女的復仇","","莫里士·盧布朗 Maurice Leblanc","Leblanc, Maurice","小知堂文化","","2003","","285","9789574502035","","https://ap13.ragic.com/sims/file.jsp?a=gcboytw&f=98J7NdkSJe%409789574502035-%E9%AD%94%E5%A5%B3%E7%9A%84%E5%BE%A9%E4%BB%87.jpg",""
"神秘黑衣人","","莫里士·盧布朗 Maurice Leblanc","Leblanc, Maurice","小知堂文化","","2004","","","9789570405934","","https://ap13.ragic.com/sims/file.jsp?a=gcboytw&f=W2f569Xl6h%409789570405934-%E7%A5%9E%E7%A7%98%E9%BB%91%E8%A1%A3%E4%BA%BA.jpg",""
"魔女與羅蘋","","莫里士·盧布朗 Maurice Leblanc","Leblanc, Maurice","小知堂文化","","2004","","","9789574500147","","https://ap13.ragic.com/sims/file.jsp?a=gcboytw&f=WAiI994aFV%409789574500147-%E9%AD%94%E5%A5%B3%E8%88%87%E7%BE%85%E8%98%8B.jpg",""
"亞森羅蘋的財富","","莫里士·盧布朗 Maurice Leblanc","Leblanc, Maurice","小知堂文化","","2004","","206","9789574502721","","https://ap13.ragic.com/sims/file.jsp?a=gcboytw&f=tyD3F51157%409789574502721-%E4%BA%9E%E6%A3%AE%E7%BE%85%E8%98%8B%E7%9A%84%E8%B2%A1%E5%AF%8C.jpg",""
"亞森羅蘋的秘密","","莫里士·盧布朗 Maurice Leblanc","Leblanc, Maurice","小知堂文化","","2001","","252","9789570405927","","https://ap13.ragic.com/sims/file.jsp?a=gcboytw&f=tzOxtC4wPP%409789570405927-%E4%BA%9E%E6%A3%AE%E7%BE%85%E8%98%8B%E7%9A%84%E7%A7%98%E5%AF%86.jpg",""
"水晶瓶塞的秘密","Le bouchon de cristal","莫里士·盧布朗 Maurice Leblanc","Leblanc, Maurice","小知堂文化","","2001","","197","9789570405873","","https://ap13.ragic.com/sims/file.jsp?a=gcboytw&f=6UTv3n141E%409789570405873-%E6%B0%B4%E6%99%B6%E7%93%B6%E5%A1%9E%E7%9A%84%E7%A7%98%E5%AF%86.jpg",""
"女偵探之謎","Dorothee danseuse de corde","莫里士·盧布朗 Maurice Leblanc","Leblanc, Maurice","小知堂文化","","2003","","317","9789574502615","","https://ap13.ragic.com/sims/file.jsp?a=gcboytw&f=WOCr25SYV2%409789574502615-%E5%A5%B3%E5%81%B5%E6%8E%A2%E4%B9%8B%E8%AC%8E.jpg",""
"羅傑・亞克洛伊命案","","阿嘉莎‧克莉絲蒂 (Agatha Christie)","Christie), 阿嘉莎‧克莉絲蒂 (Agatha","遠景出版社","","1988","","284","","","https://ap13.ragic.com/sims/file.jsp?a=gcboytw&f=3681FA0un6%4050-%E7%BE%85%E5%82%91%E4%BA%9E%E5%85%8B%E6%B4%9B%E4%BC%8A%E5%91%BD%E6%A1%88.jpg","阿嘉莎系列"
"沉默的證人","","阿嘉莎‧克莉絲蒂 (Agatha Christie)","Christie), 阿嘉莎‧克莉絲蒂 (Agatha","遠景出版社","","1988","","366","","","https://ap13.ragic.com/sims/file.jsp?a=gcboytw&f=T21X71q9Sh%4049-%E6%B2%89%E9%BB%98%E7%9A%84%E8%AD%89%E4%BA%BA.jpg","阿嘉莎系列"
"藍色列車","","阿嘉莎‧克莉絲蒂 (Agatha Christie)","Christie), 阿嘉莎‧克莉絲蒂 (Agatha","遠景出版社","","1988","","324","","","https://ap13.ragic.com/sims/file.jsp?a=gcboytw&f=25Rj8P1HqU%4048-%E8%97%8D%E8%89%B2%E5%88%97%E8%BB%8A.jpg","阿嘉莎系列"
"無妄之災","","阿嘉莎‧克莉絲蒂 (Agatha Christie)","Christie), 阿嘉莎‧克莉絲蒂 (Agatha","遠景出版社","","1988","","297","","","https://ap13.ragic.com/sims/file.jsp?a=gcboytw&f=4Bziz0P2n1%4047-%E7%84%A1%E5%A6%84%E4%B9%8B%E7%81%BD.jpg","阿嘉莎系列"
"天涯過客","","阿嘉莎‧克莉絲蒂 (Agatha Christie)","Christie), 阿嘉莎‧克莉絲蒂 (Agatha","遠景出版社","","1988","","223","","","https://ap13.ragic.com/sims/file.jsp?a=gcboytw&f=u5ZiZzce3M%4046-%E5%A4%A9%E6%B6%AF%E9%81%8E%E5%AE%A2.jpg","阿嘉莎系列"
"美索不達米亞謀殺案","","阿嘉莎‧克莉絲蒂 (Agatha Christie)","Christie), 阿嘉莎‧克莉絲蒂 (Agatha","遠景出版社","","1988","","298","","","https://ap13.ragic.com/sims/file.jsp?a=gcboytw&f=pNlUZA36gw%4045-%E7%BE%8E%E7%B4%A2%E4%B8%8D%E9%81%94%E7%B1%B3%E4%BA%9E%E8%AC%80%E6%AE%BA%E6%A1%88.jpg","阿嘉莎系列"
"命案目睹記","","阿嘉莎‧克莉絲蒂 (Agatha Christie)","Christie), 阿嘉莎‧克莉絲蒂 (Agatha","遠景出版社","","1988","","308","","","https://ap13.ragic.com/sims/file.jsp?a=gcboytw&f=083cDLtZo7%4044-%E5%91%BD%E6%A1%88%E7%9B%AE%E7%9D%B9%E8%A8%98.jpg","阿嘉莎系列"
"煙囪的祕密","","阿嘉莎‧克莉絲蒂 (Agatha Christie)","Christie), 阿嘉莎‧克莉絲蒂 (Agatha","遠景出版社","","1988","","356","","","https://ap13.ragic.com/sims/file.jsp?a=gcboytw&f=yr5evPgqW7%4043-%E7%85%99%E5%9B%AA%E7%9A%84%E7%A5%95%E5%AF%86.jpg","阿嘉莎系列"
"命運之門","","阿嘉莎‧克莉絲蒂 (Agatha Christie)","Christie), 阿嘉莎‧克莉絲蒂 (Agatha","遠景出版社","","1988","","301","","","https://ap13.ragic.com/sims/file.jsp?a=gcboytw&f=UWzwZB21aC%4042-%E5%91%BD%E9%81%8B%E4%B9%8B%E9%96%80.jpg","阿嘉莎系列"
"假戲成真","","阿嘉莎‧克莉絲蒂 (Agatha Christie)","Christie), 阿嘉莎‧克莉絲蒂 (Agatha","遠景出版社","","1988","","244","","","https://ap13.ragic.com/sims/file.jsp?a=gcboytw&f=vDt8s327L4%4041-%E5%81%87%E6%88%B2%E6%88%90%E7%9C%9F.jpg","阿嘉莎系列"
"國際學舍謀殺案","","阿嘉莎‧克莉絲蒂 (Agatha Christie)","Christie), 阿嘉莎‧克莉絲蒂 (Agatha","遠景出版社","","1988","","270","","","https://ap13.ragic.com/sims/file.jsp?a=gcboytw&f=f9u1oVI8O1%4040-%E5%9C%8B%E9%9A%9B%E5%AD%B8%E8%88%8D%E8%AC%80%E6%AE%BA%E6%A1%88.jpg","阿嘉莎系列"
"柏翠門旅館之秘","","阿嘉莎‧克莉絲蒂 (Agatha Christie)","Christie), 阿嘉莎‧克莉絲蒂 (Agatha","遠景出版社","","1988","","248","","","https://ap13.ragic.com/sims/file.jsp?a=gcboytw&f=ZMtcfq5zQL%4039-%E6%9F%8F%E7%BF%A0%E9%96%80%E6%97%85%E9%A4%A8%E4%B9%8B%E7%A7%98.jpg","阿嘉莎系列"
"清潔婦命案","","阿嘉莎‧克莉絲蒂 (Agatha Christie)","Christie), 阿嘉莎‧克莉絲蒂 (Agatha","遠景出版社","","1988","","267","","","https://ap13.ragic.com/sims/file.jsp?a=gcboytw&f=Ksy2ZTw1xZ%4038-%E6%B8%85%E6%BD%94%E5%A9%A6%E5%91%BD%E6%A1%88.jpg","阿嘉莎系列"
"黑麥奇案","","阿嘉莎‧克莉絲蒂 (Agatha Christie)","Christie), 阿嘉莎‧克莉絲蒂 (Agatha","遠景出版社","","1988","","251","","","https://ap13.ragic.com/sims/file.jsp?a=gcboytw&f=0MK78XfNxx%4037-%E9%BB%91%E9%BA%A5%E5%A5%87%E6%A1%88.jpg","阿嘉莎系列"
"空幻之屋","","阿嘉莎‧克莉絲蒂 (Agatha Christie)","Christie), 阿嘉莎‧克莉絲蒂 (Agatha","遠景出版社","","1988","","317","","","https://ap13.ragic.com/sims/file.jsp?a=gcboytw&f=Q7h5n6oD11%4036-%E7%A9%BA%E5%B9%BB%E4%B9%8B%E5%B1%8B.jpg","阿嘉莎系列"
"漲潮時節","","阿嘉莎‧克莉絲蒂 (Agatha Christie)","Christie), 阿嘉莎‧克莉絲蒂 (Agatha","遠景出版社","","1988","","284","","","https://ap13.ragic.com/sims/file.jsp?a=gcboytw&f=66aWI9Nogh%4035-%E6%BC%B2%E6%BD%AE%E6%99%82%E7%AF%80.jpg","阿嘉莎系列"
"拇指一豎","","阿嘉莎‧克莉絲蒂 (Agatha Christie)","Christie), 阿嘉莎‧克莉絲蒂 (Agatha","遠景出版社","","1988","","268","","","https://ap13.ragic.com/sims/file.jsp?a=gcboytw&f=s58r52bO0J%4034-%E6%8B%87%E6%8C%87%E4%B8%80%E8%B1%8E.jpg","阿嘉莎系列"
"復仇女神","","阿嘉莎‧克莉絲蒂 (Agatha Christie)","Christie), 阿嘉莎‧克莉絲蒂 (Agatha","遠景出版社","","1988","","259","","","https://ap13.ragic.com/sims/file.jsp?a=gcboytw&f=u6RYHYP1W0%4033-%E5%BE%A9%E4%BB%87%E5%A5%B3%E7%A5%9E.jpg","阿嘉莎系列"
"古屋疑雲","","阿嘉莎‧克莉絲蒂 (Agatha Christie)","Christie), 阿嘉莎‧克莉絲蒂 (Agatha","遠景出版社","","1988","","256","","","https://ap13.ragic.com/sims/file.jsp?a=gcboytw&f=5118nSM78X%4032-%E5%8F%A4%E5%B1%8B%E7%96%91%E9%9B%B2.jpg","阿嘉莎系列"
"底牌","","阿嘉莎‧克莉絲蒂 (Agatha Christie)","Christie), 阿嘉莎‧克莉絲蒂 (Agatha","遠景出版社","","1988","","249","","","https://ap13.ragic.com/sims/file.jsp?a=gcboytw&f=j8K970v9T2%4031-%E5%BA%95%E7%89%8C.jpg","阿嘉莎系列"
"年輕冒險家","","阿嘉莎‧克莉絲蒂 (Agatha Christie)","Christie), 阿嘉莎‧克莉絲蒂 (Agatha","遠景出版社","","1988","","316","","","https://ap13.ragic.com/sims/file.jsp?a=gcboytw&f=zX12FvZ53j%4030-%E5%B9%B4%E8%BC%95%E5%86%92%E9%9A%AA%E5%AE%B6.jpg","阿嘉莎系列"
"七鐘面之謎","","阿嘉莎‧克莉絲蒂 (Agatha Christie)","Christie), 阿嘉莎‧克莉絲蒂 (Agatha","遠景出版社","","1988","","317","","","https://ap13.ragic.com/sims/file.jsp?a=gcboytw&f=OWk67I4951%4029-%E4%B8%83%E9%90%98%E9%9D%A2%E4%B9%8B%E8%AC%8E.jpg","阿嘉莎系列"
"啤酒謀殺案","","阿嘉莎‧克莉絲蒂 (Agatha Christie)","Christie), 阿嘉莎‧克莉絲蒂 (Agatha","遠景出版社","","1988","","270","","","https://ap13.ragic.com/sims/file.jsp?a=gcboytw&f=Mfe0y2Xa36%4027-%E5%95%A4%E9%85%92%E8%AC%80%E6%AE%BA%E6%A1%88.jpg","阿嘉莎系列"
"破鏡謀殺案","","阿嘉莎‧克莉絲蒂 (Agatha Christie)","Christie), 阿嘉莎‧克莉絲蒂 (Agatha","遠景出版社","","1988","","270","","","https://ap13.ragic.com/sims/file.jsp?a=gcboytw&f=3364o98R70%4027-%E7%A0%B4%E9%8F%A1%E8%AC%80%E6%AE%BA%E6%A1%88.jpg","阿嘉莎系列"
"死亡終局","","阿嘉莎‧克莉絲蒂 (Agatha Christie)","Christie), 阿嘉莎‧克莉絲蒂 (Agatha","遠景出版社","","1988","","274","","","https://ap13.ragic.com/sims/file.jsp?a=gcboytw&f=XxbDGzQLna%4026-%E6%AD%BB%E4%BA%A1%E7%B5%82%E5%B1%80.jpg","阿嘉莎系列"
"殺人不難","","阿嘉莎‧克莉絲蒂 (Agatha Christie)","Christie), 阿嘉莎‧克莉絲蒂 (Agatha","遠景出版社","","1988","","227","","","https://ap13.ragic.com/sims/file.jsp?a=gcboytw&f=ewqPcc7p16%4025-%E6%AE%BA%E4%BA%BA%E4%B8%8D%E9%9B%A3.jpg","阿嘉莎系列"
"四大魔頭","","阿嘉莎‧克莉絲蒂 (Agatha Christie)","Christie), 阿嘉莎‧克莉絲蒂 (Agatha","遠景出版社","","1988","","247","","","https://ap13.ragic.com/sims/file.jsp?a=gcboytw&f=i8PFN23939%4024-%E5%9B%9B%E5%A4%A7%E9%AD%94%E9%A0%AD.jpg","阿嘉莎系列"
"畸形屋","","阿嘉莎‧克莉絲蒂 (Agatha Christie)","Christie), 阿嘉莎‧克莉絲蒂 (Agatha","遠景出版社","","1988","","253","","","https://ap13.ragic.com/sims/file.jsp?a=gcboytw&f=K0I0JxmNx2%4023-%E7%95%B8%E5%BD%A2%E5%B1%8B.jpg","阿嘉莎系列"
"零時","","阿嘉莎‧克莉絲蒂 (Agatha Christie)","Christie), 阿嘉莎‧克莉絲蒂 (Agatha","遠景出版社","","1988","","279","","","https://ap13.ragic.com/sims/file.jsp?a=gcboytw&f=9Wi9uHKxnn%4022-%E9%9B%B6%E6%99%82.jpg","阿嘉莎系列"
"死灰復燃","","阿嘉莎‧克莉絲蒂 (Agatha Christie)","Christie), 阿嘉莎‧克莉絲蒂 (Agatha","遠景出版社","","1988","","266","","","https://ap13.ragic.com/sims/file.jsp?a=gcboytw&f=eBIClL6X1z%4021-%E6%AD%BB%E7%81%B0%E5%BE%A9%E7%87%83.jpg","阿嘉莎系列"
"艷陽下的謀殺案","","阿嘉莎‧克莉絲蒂 (Agatha Christie)","Christie), 阿嘉莎‧克莉絲蒂 (Agatha","遠景出版社","","1988","","227","","","https://ap13.ragic.com/sims/file.jsp?a=gcboytw&f=zzEJY7tq2o%4020-%E8%89%B7%E9%99%BD%E4%B8%8B%E7%9A%84%E8%AC%80%E6%AE%BA%E6%A1%88.jpg","阿嘉莎系列"
"尼羅河謀殺案","","阿嘉莎‧克莉絲蒂 (Agatha Christie)","Christie), 阿嘉莎‧克莉絲蒂 (Agatha","遠景出版社","","1988","","363","","","https://ap13.ragic.com/sims/file.jsp?a=gcboytw&f=8566J0YXC3%4019-%E5%B0%BC%E7%BE%85%E6%B2%B3%E8%AC%80%E6%AE%BA%E6%A1%88.jpg","阿嘉莎系列"
"高爾夫球場命案","","阿嘉莎‧克莉絲蒂 (Agatha Christie)","Christie), 阿嘉莎‧克莉絲蒂 (Agatha","遠景出版社","","1988","","253","","","https://ap13.ragic.com/sims/file.jsp?a=gcboytw&f=5vgZ3FwLJg%4018-%E9%AB%98%E7%88%BE%E5%A4%AB%E7%90%83%E5%A0%B4%E5%91%BD%E6%A1%88.jpg","阿嘉莎系列"
"鴿羣裏的貓","","阿嘉莎‧克莉絲蒂 (Agatha Christie)","Christie), 阿嘉莎‧克莉絲蒂 (Agatha","遠景出版社","","1988","","292","","","https://ap13.ragic.com/sims/file.jsp?a=gcboytw&f=Do2o7cGhsC%4017-%E9%B4%BF%E7%BE%A3%E8%A3%8F%E7%9A%84%E7%8C%AB.jpg","阿嘉莎系列"
"萬靈節之死","","阿嘉莎‧克莉絲蒂 (Agatha Christie)","Christie), 阿嘉莎‧克莉絲蒂 (Agatha","遠景出版社","","1988","","287","","","https://ap13.ragic.com/sims/file.jsp?a=gcboytw&f=hPIM7689q9%4016-%E8%90%AC%E9%9D%88%E7%AF%80%E4%B9%8B%E6%AD%BB.jpg","阿嘉莎系列"
"褐衣男子","","阿嘉莎‧克莉絲蒂 (Agatha Christie)","Christie), 阿嘉莎‧克莉絲蒂 (Agatha","遠景出版社","","1988","","308","","","https://ap13.ragic.com/sims/file.jsp?a=gcboytw&f=iLvB6ae9Bj%4015-%E8%A4%90%E8%A1%A3%E7%94%B7%E5%AD%90.jpg","阿嘉莎系列"
"白馬酒店","","阿嘉莎‧克莉絲蒂 (Agatha Christie)","Christie), 阿嘉莎‧克莉絲蒂 (Agatha","遠景出版社","","1988","","267","","","https://ap13.ragic.com/sims/file.jsp?a=gcboytw&f=M05r0TgIiE%4014-%E7%99%BD%E9%A6%AC%E9%85%92%E5%BA%97.png","阿嘉莎系列"
"葬禮之後","","阿嘉莎‧克莉絲蒂 (Agatha Christie)","Christie), 阿嘉莎‧克莉絲蒂 (Agatha","遠景出版社","","1988","","294","","","https://ap13.ragic.com/sims/file.jsp?a=gcboytw&f=Ihg7B5lDQ1%4013-%E8%91%AC%E7%A6%AE%E4%B9%8B%E5%BE%8C.jpg","阿嘉莎系列"
"死亡約會","","阿嘉莎‧克莉絲蒂 (Agatha Christie)","Christie), 阿嘉莎‧克莉絲蒂 (Agatha","遠景出版社","","1988","","253","","","https://ap13.ragic.com/sims/file.jsp?a=gcboytw&f=OZ69W9R6r9%4012-%E6%AD%BB%E4%BA%A1%E7%B4%84%E6%9C%83.jpg","阿嘉莎系列"
"謀殺啓事","","阿嘉莎‧克莉絲蒂 (Agatha Christie)","Christie), 阿嘉莎‧克莉絲蒂 (Agatha","遠景出版社","","1988","","322","","","https://ap13.ragic.com/sims/file.jsp?a=gcboytw&f=H1v9BqHQpT%4011-%E8%AC%80%E6%AE%BA%E5%95%93%E4%BA%8B.jpg","阿嘉莎系列"
"鐘","","阿嘉莎‧克莉絲蒂 (Agatha Christie)","Christie), 阿嘉莎‧克莉絲蒂 (Agatha","遠景出版社","","1988","","324","","","https://ap13.ragic.com/sims/file.jsp?a=gcboytw&f=fe4VYUhI2j%4010-%E9%90%98.jpg","阿嘉莎系列"
"不祥的宴會","","阿嘉莎‧克莉絲蒂 (Agatha Christie)","Christie), 阿嘉莎‧克莉絲蒂 (Agatha","遠景出版社","","1988","","316","","","https://ap13.ragic.com/sims/file.jsp?a=gcboytw&f=op6hHl5C13%4009-%E4%B8%8D%E7%A5%A5%E7%9A%84%E5%AE%B4%E6%9C%83.jpg","阿嘉莎系列"
"此夜綿綿","","阿嘉莎‧克莉絲蒂 (Agatha Christie)","Christie), 阿嘉莎‧克莉絲蒂 (Agatha","遠景出版社","","1988","","258","","","https://ap13.ragic.com/sims/file.jsp?a=gcboytw&f=c1nPrqvaPE%4008-%E6%AD%A4%E5%A4%9C%E7%B6%BF%E7%B6%BF.jpg","阿嘉莎系列"
"諜海","","阿嘉莎‧克莉絲蒂 (Agatha Christie)","Christie), 阿嘉莎‧克莉絲蒂 (Agatha","遠景出版社","","1988","","266","","","https://ap13.ragic.com/sims/file.jsp?a=gcboytw&f=SFov45e52S%4007-%E8%AB%9C%E6%B5%B7.jpg","阿嘉莎系列"
"第三個女郎","","阿嘉莎‧克莉絲蒂 (Agatha Christie)","Christie), 阿嘉莎‧克莉絲蒂 (Agatha","遠景出版社","","1988","","288","","","https://ap13.ragic.com/sims/file.jsp?a=gcboytw&f=ZaVQ5fJV6S%4006-%E7%AC%AC%E4%B8%89%E5%80%8B%E5%A5%B3%E9%83%8E.jpg","阿嘉莎系列"
"魔手","","阿嘉莎‧克莉絲蒂 (Agatha Christie)","Christie), 阿嘉莎‧克莉絲蒂 (Agatha","遠景出版社","","1988","","204","","","https://ap13.ragic.com/sims/file.jsp?a=gcboytw&f=59B2meWcav%4005-%E9%AD%94%E6%89%8B.jpg","阿嘉莎系列"
"鏡子魔術","","阿嘉莎‧克莉絲蒂 (Agatha Christie)","Christie), 阿嘉莎‧克莉絲蒂 (Agatha","遠景出版社","","1988","","225","","","https://ap13.ragic.com/sims/file.jsp?a=gcboytw&f=055JRVb9Qr%4004-%E9%8F%A1%E5%AD%90%E9%AD%94%E8%A1%93.jpg","阿嘉莎系列"
"東方快車謀殺案--遺失中","","阿嘉莎‧克莉絲蒂 (Agatha Christie)","Christie), 阿嘉莎‧克莉絲蒂 (Agatha","遠景出版社","","1988","","","","","https://ap13.ragic.com/sims/file.jsp?a=gcboytw&f=a1dGsrET0t%4003-%E6%9D%B1%E6%96%B9%E5%BF%AB%E8%BB%8A%E8%AC%80%E6%AE%BA%E6%A1%88.jpg","阿嘉莎系列"
"加勒比海島謀殺案","","阿嘉莎‧克莉絲蒂 (Agatha Christie)","Christie), 阿嘉莎‧克莉絲蒂 (Agatha","遠景出版社","","1988","","226","","","https://ap13.ragic.com/sims/file.jsp?a=gcboytw&f=E3FaX5z4Ph%4002-%E5%8A%A0%E5%8B%92%E6%AF%94%E6%B5%B7%E5%B3%B6%E8%AC%80%E6%AE%BA%E6%A1%88.jpg","阿嘉莎系列"
"A・B・C謀殺案","","阿嘉莎‧克莉絲蒂 (Agatha Christie)","Christie), 阿嘉莎‧克莉絲蒂 (Agatha","遠景出版社","","1988","","268","","","https://ap13.ragic.com/sims/file.jsp?a=gcboytw&f=mhG9aUz07m%4001-ABC%E8%AC%80%E6%AE%BA%E6%A1%88.JPG","阿嘉莎系列"
"壞胚子","","Maj Sjowall, Per Wahloo","Maj Sjowall, Per Wahloo","遠流","","2005","","272","9789573255239","","https://ap13.ragic.com/sims/file.jsp?a=gcboytw&f=Qdd5EqK25C%409789573255239-%E5%A3%9E%E8%83%9A%E5%AD%90.jpg",""
"薩伏大飯店","","Maj Sjowall, Per Wahloo","Sjöwall, Maj","遠流出版事業股份有限公司","","2005","","352","9789573255222","","https://ap13.ragic.com/sims/file.jsp?a=gcboytw&f=238bX0zJ2o%409789573255222-%E8%96%A9%E4%BC%8F%E5%A4%A7%E9%A3%AF%E5%BA%97.jpg",""
"暹羅連體人的秘密","The Siamese twin mystery","Ellery Queen","Queen, Ellery","臉譜","","1995","","322","9789577083340","","https://ap13.ragic.com/sims/file.jsp?a=gcboytw&f=TVioZ88Pux%409789577083340-%E6%9A%B9%E7%BE%85%E9%80%A3%E9%AB%94%E4%BA%BA%E7%9A%84%E7%A5%95%E5%AF%86.png",""
"福爾摩斯探案全集4-4","","Arthur Conan Doyle","Doyle, Arthur Conan","遠流","","1999","","367","9789573237747","","https://ap13.ragic.com/sims/file.jsp?a=gcboytw&f=nmg5WtLU1Z%409789573237747-%E7%A6%8F%E7%88%BE%E6%91%A9%E6%96%AF%E6%8E%A2%E6%A1%88%E5%85%A8%E9%9B%864-4.png",""
"福爾摩斯探案全集3-4","","Arthur Conan Doyle","Doyle, Arthur Conan","遠流","","1999","","367","9789573237730","","https://ap13.ragic.com/sims/file.jsp?a=gcboytw&f=akEq12sysc%409789573237730-%E7%A6%8F%E7%88%BE%E6%91%A9%E6%96%AF%E6%8E%A2%E6%A1%88%E5%85%A8%E9%9B%863-4.png",""
"福爾摩斯探案全集2-4","","Arthur Conan Doyle","Doyle, Arthur Conan","遠流","","1999","","367","9789573237723","","https://ap13.ragic.com/sims/file.jsp?a=gcboytw&f=0vsL2li1Ep%409789573237723-%E7%A6%8F%E7%88%BE%E6%91%A9%E6%96%AF%E6%8E%A2%E6%A1%88%E5%85%A8%E9%9B%862-4.png",""
"福爾摩斯探案全集1-4","","Arthur Conan Doyle","Doyle, Arthur Conan","遠流","","1999","","367","9789573237716","","https://ap13.ragic.com/sims/file.jsp?a=gcboytw&f=4zUoSUI5bP%409789573237716-%E7%A6%8F%E7%88%BE%E6%91%A9%E6%96%AF%E6%8E%A2%E6%A1%88%E5%85%A8%E9%9B%861-4.png",""
"蒸發","","Maj Sjowall, Per Wahloo","Maj Sjowall, Per Wahloo","遠流出版事業","","2005","","268","9789573254065","","https://ap13.ragic.com/sims/file.jsp?a=gcboytw&f=C47VSCYxx5%409789573254065-%E8%92%B8%E7%99%BC.jpg",""
"黑色駱駝","","厄爾．畢格斯","厄爾．畢格斯","臉譜出版","","2002","","384","9789574697199","","https://ap13.ragic.com/sims/file.jsp?a=gcboytw&f=7Vy339vrSj%409789574697199-%E9%BB%91%E8%89%B2%E9%A7%B1%E9%A7%9D.png",""
"然後在第八天","","Ellery Queen","Queen, Ellery","臉譜出版","","1997","","205","9789577085436","","https://ap13.ragic.com/sims/file.jsp?a=gcboytw&f=09g9JA4417%409789577085436-%E7%84%B6%E5%BE%8C%E5%9C%A8%E7%AC%AC%E5%85%AB%E5%A4%A9.jpg",""
"陳查禮接手","","厄爾．畢格斯","厄爾．畢格斯","臉譜出版","","2002","","413","9789574697458","","https://ap13.ragic.com/sims/file.jsp?a=gcboytw&f=3d0968169Y%409789574697458-%E9%99%B3%E6%9F%A5%E7%A6%AE%E6%8E%A5%E6%89%8B.jpg",""
"帷幕背後","","厄爾．畢格斯","厄爾．畢格斯","臉譜出版","","2001","","430","9789574697168","","https://ap13.ragic.com/sims/file.jsp?a=gcboytw&f=TK3AQ6106a%409789574697168-%E5%B8%B7%E5%B9%95%E8%83%8C%E5%BE%8C.png",""
"美國槍的秘密","","Ellery Queen","Queen, Ellery","臉譜","","1997","","317","9789577085115","","https://ap13.ragic.com/sims/file.jsp?a=gcboytw&f=aNrevpo1Ga%409789577085115-%E7%BE%8E%E5%9C%8B%E6%A7%8D%E7%9A%84%E7%A7%98%E5%AF%86.png",""
"玻璃村莊","","Ellery Queen","Queen, Ellery","臉譜","","1997","","269","9789577084682","","https://ap13.ragic.com/sims/file.jsp?a=gcboytw&f=0jgj205JLK%409789577084682-%E7%8E%BB%E7%92%83%E6%9D%91%E8%8E%8A.png",""
"保管鑰匙的人","","厄爾．畢格斯","厄爾．畢格斯","臉譜出版","","2001","","382","9789574697182","","https://ap13.ragic.com/sims/file.jsp?a=gcboytw&f=ri38yDH4L4%409789574697182-%E4%BF%9D%E7%AE%A1%E9%91%B0%E5%8C%99%E7%9A%84%E4%BA%BA.png",""
"羅絲安娜","","Maj Sjowall, Per Wahloo","Maj Sjowall, Per Wahloo","遠流出版事業","","2005","","330","9789573254058","","https://ap13.ragic.com/sims/file.jsp?a=gcboytw&f=PIxUjcBI1N%409789573254058-%E7%BE%85%E7%B5%B2%E5%AE%89%E5%A8%9C.jpg",""
"昆恩探案系列","The adventures of Ellery Queen","Ellery Queen","Queen, Ellery","臉譜","","1997","","344","9789577084637","","https://ap13.ragic.com/sims/file.jsp?a=gcboytw&f=RIMgk1U0ZI%409789577084637-%E6%98%86%E6%81%A9%E6%8E%A2%E6%A1%88%E7%B3%BB%E5%88%97+%282%29.png",""
"國王死了","The king is dead","Ellery Queen","Queen, Ellery","臉譜","","1997","","296","9789577084873","","https://ap13.ragic.com/sims/file.jsp?a=gcboytw&f=oPM7L9536o%409789577084873-%E5%9C%8B%E7%8E%8B%E6%AD%BB%E4%BA%86.png",""
"陽臺上的男子","","Maj Sjowall, Per Wahloo","Maj Sjowall, Per Wahloo","遠流出版事業","","2005","","298","9789573254072","","https://ap13.ragic.com/sims/file.jsp?a=gcboytw&f=zPO0gPnBUz%409789573254072-%E9%99%BD%E8%87%BA%E4%B8%8A%E7%9A%84%E7%94%B7%E5%AD%90.jpg",""
"災難之城","Calamity town","Ellery Queen","昆恩","臉譜","","1996","","364","9789577083531","","https://ap13.ragic.com/sims/file.jsp?a=gcboytw&f=2HSID112of%409789577083531-%E7%81%BD%E9%9B%A3%E4%B9%8B%E5%9F%8E.png",""
"希臘棺材的秘密","","Ellery Queen","Queen, Ellery","臉譜","","1995","","389","9789577083326","","https://ap13.ragic.com/sims/file.jsp?a=gcboytw&f=4cI5D28GwA%409789577083326-%E5%B8%8C%E8%87%98%E6%A3%BA%E6%9D%90%E7%9A%84%E7%A7%98%E5%AF%86.jpg",""
"西班牙岬角的祕密","","Ellery Queen","Queen, Ellery","臉譜","","1997","","357","9789577085528","","https://ap13.ragic.com/sims/file.jsp?a=gcboytw&f=556l9B4Spv%409789577085528-%E8%A5%BF%E7%8F%AD%E7%89%99%E5%B2%AC%E8%A7%92%E7%9A%84%E7%A5%95%E5%AF%86.png",""
"多尾貓","Cat of many tails","Ellery Queen","奎恩","臉譜","","1997","","415","9789577084675","","https://ap13.ragic.com/sims/file.jsp?a=gcboytw&f=3RvJ5R7gD7%409789577084675-%E5%A4%9A%E5%B0%BE%E7%8C%AB.png",""
"失蹤的消防車","","Maj Sjowall, Per Wahloo","Maj Sjowall, Per Wahloo","遠流出版事業股份有限公司","","2005","","346","9789573254096","","https://ap13.ragic.com/sims/file.jsp?a=gcboytw&f=zI9z79Y411%409789573254096-%E5%A4%B1%E8%B9%A4%E7%9A%84%E6%B6%88%E9%98%B2%E8%BB%8A.jpg",""
"中國鸚鵡","","厄爾．畢格斯","厄爾．畢格斯","臉譜出版","","2001","","427","9789574697151","","https://ap13.ragic.com/sims/file.jsp?a=gcboytw&f=wkx9gUpCcN%409789574697151-%E4%B8%AD%E5%9C%8B%E9%B8%9A%E9%B5%A1.jpg",""
"中國橘子的秘密","","Ellery Queen","Queen, Ellery","臉譜","","1997","","301","9789577085146","","https://ap13.ragic.com/sims/file.jsp?a=gcboytw&f=0H5xbw68nZ%409789577085146-%E4%B8%AD%E5%9C%8B%E6%A9%98%E5%AD%90%E7%9A%84%E7%A7%98%E5%AF%86.png",""
"不上鎖的房子","","厄爾．畢格斯","厄爾．畢格斯","臉譜","","2001","","442","9789574697205","","https://ap13.ragic.com/sims/file.jsp?a=gcboytw&f=sA392E2R7G%409789574697205-%E4%B8%8D%E4%B8%8A%E9%8E%96%E7%9A%84%E6%88%BF%E5%AD%90.png",""
"大笑的警察","","Maj Sjowall, Per Wahloo","Maj Sjowall, Per Wahloo","遠流出版事業股份有限公司","","2005","","350","9789573254089","","https://ap13.ragic.com/sims/file.jsp?a=gcboytw&f=zGrRJ7m9l1%409789573254089-%E5%A4%A7%E7%AC%91%E7%9A%84%E8%AD%A6%E5%AF%9F.jpg",""
"謀殺在雲端","","阿嘉莎‧克莉絲蒂 (Agatha Christie)","Christie), 阿嘉莎‧克莉絲蒂 (Agatha","遠流出版","","2002","","277","9789573246442","","https://ap13.ragic.com/sims/file.jsp?a=gcboytw&f=bEH2mFZI28%409789573246442-%E8%AC%80%E6%AE%BA%E5%9C%A8%E9%9B%B2%E7%AB%AF.png","阿嘉莎系列"
"藏書室的陌生人","","阿嘉莎‧克莉絲蒂 (Agatha Christie)","Christie), 阿嘉莎‧克莉絲蒂 (Agatha","遠流出版","","2003","It's seven in the morning. The Bantrys awake to find the body of a young woman in their library. She is wearing evening dress and heavy make-up. But who is she? How did she get there? And what is the connection with another dead girl?","245","9789573249504","","https://ap13.ragic.com/sims/file.jsp?a=gcboytw&f=5spVtCK5Fp%409789573249504-%E8%97%8F%E6%9B%B8%E5%AE%A4%E7%9A%84%E9%99%8C%E7%94%9F%E4%BA%BA.jpg","阿嘉莎系列"
"謎樣的鬼豔先生","The Mysterious Mr. Quin","阿嘉莎‧克莉絲蒂 (Agatha Christie)","Christie), 阿嘉莎‧克莉絲蒂 (Agatha","遠流出版","2003/08/01","2003","除夕夜，鐘敲了十二下，狂風肆虐，賓客之一的波特說這是鬼魂出沒的時候。不久，大門口傳來了響亮的敲門聲，眾人面面相覷。高大黝黑的神秘男子自稱哈利．鬼豔，因其座車拋錨，司機需要一點時間處理，因而進門來取暖……來無影去無蹤的鬼豔先生讓在場的沙特衛先生的生活從此有了變化。一幕幕精采好戲上場，沙特衛先生不再只是觀眾，而是其中的要角……12宗驚人難解的奇案急煞眾人，且看克莉絲蒂唯一為之致上獻詞的愛將鬼豔先生變換迷幻戲法，專情上演！","368","9789573250203","","https://ap13.ragic.com/sims/file.jsp?a=gcboytw&f=24oVkvLT7Y%409789573250203-%E8%AC%8E%E6%A8%A3%E7%9A%84%E9%AC%BC%E8%B1%94%E5%85%88%E7%94%9F.png","阿嘉莎系列"
"鴛鴦神探","Partners In Crime","阿嘉莎‧克莉絲蒂 (Agatha Christie)","Christie), 阿嘉莎‧克莉絲蒂 (Agatha","遠流出版","2003/09/01","2003","婚後六年的陶品絲對著窗外愁眉苦臉，幸福得發慌的她總希望來點刺激。 正當她向丈夫湯米抱怨之時，蘇格蘭警場探長突然造訪，希望他們暫時接管經營出了問題的國際偵探社，藉機注意一個代號十六的人。 小夫妻倆廣告一登、招牌一掛，便有模有樣的當起布倫特卓越的偵探大師來了。 委託人一個接一個上門，陶品絲及湯米一會兒扮演福爾摩斯，一會兒又成了盲人神探…… 冒牌神探嬉笑之餘，謎案一樁接一樁地解破。終於，神秘的十六號出現了……","352","9789573250470","","https://ap13.ragic.com/sims/file.jsp?a=gcboytw&f=P2FI1FjygG%409789573250470-%E9%B4%9B%E9%B4%A6%E7%A5%9E%E6%8E%A2.png","阿嘉莎系列"
"賭場殺人事件","","S. S. Van Dine","Dine, S. S. Van","臉譜文化事業股份有限公司","","1999","","234","9789578319653","","https://ap13.ragic.com/sims/file.jsp?a=gcboytw&f=L0W3fArGZK%409789578319653-%E8%B3%AD%E5%A0%B4%E6%AE%BA%E4%BA%BA%E4%BA%8B%E4%BB%B6.jpg",""
"歌唱的砂","","Josephine Tey","Tey, Josephine","臉譜出版","","2000","","291","9789574692323","","https://ap13.ragic.com/sims/file.jsp?a=gcboytw&f=116FEWyC75%409789574692323-%E6%AD%8C%E5%94%B1%E7%9A%84%E7%A0%82.png",""
"葛蕾西. 艾倫殺人事件","","S. S. Van Dine","Dine, S. S. Van","臉譜文化出版","","1998","","216","9789578319073","","https://ap13.ragic.com/sims/file.jsp?a=gcboytw&f=M2c7FCwu9a%409789578319073-%E8%91%9B%E8%95%BE%E8%A5%BF.+%E8%89%BE%E5%80%AB%E6%AE%BA%E4%BA%BA%E4%BA%8B%E4%BB%B6.jpg",""
"聖甲蟲殺人事件","","S. S. Van Dine","Dine, S. S. Van","臉譜文化出版","","1999","","286","9789578319172","","https://ap13.ragic.com/sims/file.jsp?a=gcboytw&f=MdQ855ou6a%409789578319172-%E8%81%96%E7%94%B2%E8%9F%B2%E6%AE%BA%E4%BA%BA%E4%BA%8B%E4%BB%B6.jpg",""
"綁架殺人事件","","S. S. Van Dine","Dine, S. S. Van","臉譜文化事業公司","","1998","","260","9789578319059","","https://ap13.ragic.com/sims/file.jsp?a=gcboytw&f=xFQ3vkB4pp%409789578319059-%E7%B6%81%E6%9E%B6%E6%AE%BA%E4%BA%BA%E4%BA%8B%E4%BB%B6.png",""
"順水推舟","Taken at the Flood","阿嘉莎‧克莉絲蒂 (Agatha Christie)","Christie), 阿嘉莎‧克莉絲蒂 (Agatha","遠流出版","","2003","百萬富豪戈登˙柯洛德意外死於倫敦一場空襲，為數頗眾的家族親人頓失依靠。戈登龐大的產業落入他新婚才數星期的年輕妻子羅莎琳手中，看得柯洛德一家個個眼紅不已，恨意在心頭盪漾。沒錯，外表楚楚可憐的羅莎琳，是他們和戈登龐大產業之間唯一的障礙。可是，她身旁有個強悍的哥哥保護──且慢！他真是她哥哥嗎？難道她真如耳語傳說，不是淑女而是個淘金女？而她哥哥，又是個什麼樣的角色？一封勒索信死於酒店的陌生人羅莎琳數年前被公認死於非洲的第一任丈夫也再度現身！種種疑團使得問號越擴越大。看來，這一回白羅必須跳脫自己慣常的邏輯，才可望撥雲見日……","320","9789573248026","","https://ap13.ragic.com/sims/file.jsp?a=gcboytw&f=MGl7fXlLkC%409789573248026-%E9%A0%86%E6%B0%B4%E6%8E%A8%E8%88%9F.png","阿嘉莎系列"
"萍小姐的主意","","Josephine Tey","Tey, Josephine","臉譜文化事業股份制有限公司","","1999","Mystery story centering around a girl's college.","315","9789578319202","","https://ap13.ragic.com/sims/file.jsp?a=gcboytw&f=pc3l8W2YXp%409789578319202-%E8%90%8D%E5%B0%8F%E5%A7%90%E7%9A%84%E4%B8%BB%E6%84%8F.png",""
"博來. 法拉先生","","Josephine Tey","Tey, Josephine","臉譜文化出版","","1999","","364","9789578319264","","https://ap13.ragic.com/sims/file.jsp?a=gcboytw&f=Y9bWxhY4PM%409789578319264-%E5%8D%9A%E4%BE%86.+%E6%B3%95%E6%8B%89%E5%85%88%E7%94%9F.png",""
"排隊的人","The man in the queue","Josephine Tey","黃(Chinese)俐","臉譜文化事業","","2000","","295","9789578319790","","https://ap13.ragic.com/sims/file.jsp?a=gcboytw&f=8OSnALXcUF%409789578319790-%E6%8E%92%E9%9A%8A%E7%9A%84%E4%BA%BA.jpg",""
"問大象去吧！","Elephants Can Remember","阿嘉莎‧克莉絲蒂 (Agatha Christie)","Christie), 阿嘉莎‧克莉絲蒂 (Agatha","遠流出版","","2003","十餘年前有一場悲劇：夫妻兩人同時自殺身亡。多年之後，偵探小說家奧利薇夫人突然接到一份怪異的請求。素昧平生的婦人丟了逼個難題給她，要求她調查出：那對夫妻之間，究竟是誰殺了誰之後再自盡？早已偵查了結的舊案，為何又再度提起？婦人為什麼要追根究柢？誰殺了誰有什麼影響？相關人物都已過世，如何才能探知事實真相？奧利薇夫人找來白羅協助調查，要如何追索久被遺忘的陳年往事呢？問大象去吧！","224","9789573248033","","https://ap13.ragic.com/sims/file.jsp?a=gcboytw&f=iQQDlXA5b9%409789573248033-%E5%95%8F%E5%A4%A7%E8%B1%A1%E5%8E%BB%E5%90%A7.png","阿嘉莎系列"
"荒蕪年歲","","約翰．哈威","約翰．哈威","麥田出版","","1996","","399","9789577086938","","https://ap13.ragic.com/sims/file.jsp?a=gcboytw&f=kBIwy2Ub7d%409789577086938-%E8%8D%92%E8%95%AA%E5%B9%B4%E6%AD%B2.png",""
"祝福之祭","","Tony Hillerman,林大容","Hillerman, Tony","臉譜出版","","2002","","279","9789861200538","","https://ap13.ragic.com/sims/file.jsp?a=gcboytw&f=828S6s6GIz%409789861200538-%E7%A5%9D%E7%A6%8F%E4%B9%8B%E7%A5%AD.png",""
"班森殺人事件","The Benson murder case","S. S. Van Dine","Dine, S. S. Van","臉譜文化事業股份有限公司","","1999","","286","9789578319189","","https://ap13.ragic.com/sims/file.jsp?a=gcboytw&f=Vz9n2rw7E3%409789578319189-%E7%8F%AD%E6%A3%AE%E6%AE%BA%E4%BA%BA%E4%BA%8B%E4%BB%B6.jpg",""
"格林家殺人事件","","S. S. Van Dine","Dine, S. S. Van","臉譜文化出版","","1999","","393","9789578319226","","https://ap13.ragic.com/sims/file.jsp?a=gcboytw&f=33z13k9U8O%409789578319226-%E6%A0%BC%E6%9E%97%E5%AE%B6%E6%AE%BA%E4%BA%BA%E4%BA%8B%E4%BB%B6.jpg",""
"時間的女兒","","Josephine Tey","Tey, Josephine","城邦文化事業股份有限公司","","1998","","282","9789578319110","","https://ap13.ragic.com/sims/file.jsp?a=gcboytw&f=RAb90dHowA%409789578319110-%E6%99%82%E9%96%93%E7%9A%84%E5%A5%B3%E5%85%92.png",""
"哪個聖誕布丁?","The Adenture of the Christmas Pudding","阿嘉莎‧克莉絲蒂 (Agatha Christie)","Christie), 阿嘉莎‧克莉絲蒂 (Agatha","遠流出版","2003/01/01","2003","一封不詳的警告信，要白羅別碰任何一個聖誕節布丁，這所為何來？一具在西班牙衣櫃中發現的死屍，幹白羅何事？一段偷聽到的謀殺計劃，白羅要拿它如何？一個死者生前改變了飲食習慣，那透露什麼玄機？有人夢見自己自殺後，卻就此一命嗚呼，你說奇怪不奇怪？克莉絲蒂為您獻上六篇奇思妙想，展現中篇推理小說的深厚功力，敬請期待！","320","9789573248286","","https://ap13.ragic.com/sims/file.jsp?a=gcboytw&f=g61XLLOEV7%409789573248286-%E5%93%AA%E5%80%8B%E8%81%96%E8%AA%95%E5%B8%83%E4%B8%81.png","阿嘉莎系列"
"金絲雀殺人事件","","S. S. Van Dine","Dine, S. S. Van","臉譜文化事業股份有限公司","","1999","","341","9789578319547","","https://ap13.ragic.com/sims/file.jsp?a=gcboytw&f=QX9F14zR0E%409789578319547-%E9%87%91%E7%B5%B2%E9%9B%80%E6%AE%BA%E4%BA%BA%E4%BA%8B%E4%BB%B6.jpg",""
"花園殺人事件","","S. S. Van Dine","Dine, S. S. Van","臉譜出版","","2000","","253","9789574691258","","https://ap13.ragic.com/sims/file.jsp?a=gcboytw&f=zJNt21roim%409789574691258-%E8%8A%B1%E5%9C%92%E6%AE%BA%E4%BA%BA%E4%BA%8B%E4%BB%B6.jpg",""
"狗園殺人事件","","S. S. Van Dine","Dine, S. S. Van","臉譜文化出版","","2000","","275","9789578319783","","https://ap13.ragic.com/sims/file.jsp?a=gcboytw&f=17qn0h4JV7%409789578319783-%E7%8B%97%E5%9C%92%E6%AE%BA%E4%BA%BA%E4%BA%8B%E4%BB%B6.jpg",""
"牧師公館謀殺案","The Murder at the Vicarage","阿嘉莎‧克莉絲蒂 (Agatha Christie)","Christie), 阿嘉莎‧克莉絲蒂 (Agatha","遠流出版","2003/03/01","2003","人緣奇差的博舍羅團長，一日被射殺於牧師家書房的書桌上。到處與人結怨的他，令警方如無頭蒼蠅般束手無策。是他桀驁不馴一心想掙脫控制的女兒狠心下手嗎？還是他紅杏出牆另結新歡的妻子按捺不住？不，最有嫌疑的應該是那個腳踏女妻兩條船的花心藝術家。真相眼見呼之欲出，警方大鬆一口氣，但遇上瑪波之後，竟又節外生枝。究竟瑪波的精明雙眼看出了什麼蹊蹺呢？且看瑪波使出訣竅為死者申冤！","336","9789573248682","","https://ap13.ragic.com/sims/file.jsp?a=gcboytw&f=9xsv9jWtqd%409789573248682-%E7%89%A7%E5%B8%AB%E5%85%AC%E9%A4%A8%E8%AC%80%E6%AE%BA%E6%A1%88.png","阿嘉莎系列"
"法蘭柴思事件","The Franchise affair","Josephine Tey","鐵伊","臉譜文化事業","","1998","","396","9789578319127","","https://ap13.ragic.com/sims/file.jsp?a=gcboytw&f=Rr3Jk6Vriu%409789578319127-%E6%B3%95%E8%98%AD%E6%9F%B4%E6%80%9D%E4%BA%8B%E4%BB%B6.png",""
"帕克潘調查簿","Parker Pyne Investigates","阿嘉莎‧克莉絲蒂 (Agatha Christie)","Christie), 阿嘉莎‧克莉絲蒂 (Agatha","遠流出版","2003/12/01","2003","裴金頓太太近來諸事不順，深感孤單、無助、絕望，但她的命運卻因為《泰晤士報》上的一則廣告而改變了：「你快樂嗎? 答案如果是否定的，請來找派克潘先生。」不論是挽救一段破碎的婚姻，或者是解開一樁棘手的殺人案，都難不倒派克潘這位史上最反傳統、最迷人的私家偵探，他深入民間，化解無數難題，改變苦難者的命運，在此謹介紹他最精采的十二件功蹟，與讀者分享。","256","9789573251309","","https://ap13.ragic.com/sims/file.jsp?a=gcboytw&f=1jS8N4280U%409789573251309-%E5%B8%95%E5%85%8B%E6%BD%98%E8%AA%BF%E6%9F%A5%E7%B0%BF.png","阿嘉莎系列"
"冷光","","約翰．哈威","約翰．哈威","麥田出版公司","","1996","","412","9789577086792","","https://ap13.ragic.com/sims/file.jsp?a=gcboytw&f=E18Wh17R3I%409789577086792-%E5%86%B7%E5%85%89.jpg",""
"西塔佛秘案","The Sittaford Mystery","阿嘉莎‧克莉絲蒂 (Agatha Christie)","Christie), 阿嘉莎‧克莉絲蒂 (Agatha","遠流出版","2003/12/01","2003","在達特穆爾荒原的邊緣上，有一個與世隔絕的西塔佛村。在大雪紛飛的寒夜中，愛熱鬧的威利特夫人邀集眾人群聚在西塔佛別墅。百無聊賴之下，眾人開始玩起桌仙遊戲，沒想到玩著玩著，桌仙竟然拼出「崔夫霖……死了……謀殺」等訊息，讓眾人驚嚇不已。這真的是邪魔顯靈，還是有人在惡作劇？崔夫霖上校的家遠在六裡之外，如今大雪橫飛，阻斷了山路，必須步行才能到達。崔夫霖上校的好友伯納比少校毅然決然地闖進風雪之中，準備揭開這個桌仙佈下的生死秘案……","320","9789573251224","","https://ap13.ragic.com/sims/file.jsp?a=gcboytw&f=17br94DiEc%409789573251224-%E8%A5%BF%E5%A1%94%E4%BD%9B%E7%A7%98%E6%A1%88.png","阿嘉莎系列"
"死亡之犬","The Hound Of Death","阿嘉莎‧克莉絲蒂 (Agatha Christie)","Christie), 阿嘉莎‧克莉絲蒂 (Agatha","遠流出版","2004/01/01","2004","十二件無法解釋的異象，無法理解的怪事：地上落了排列出狗型的火藥；靈界梢來的惡兆；一幢鬧鬼的屋子；降靈會上的意外；人格分裂的行為；重覆出現的惡夢；不祥的電報；擁有年輕軀體的老人；靈魂出竅的求救；重度健忘的男子；飄浮空中的體驗；神秘的SOS訊號。種種超自然及不可思議的怪像令人不寒而慄，本書除了考驗您的智力，也深入你的直覺力……","320","9789573251514","","https://ap13.ragic.com/sims/file.jsp?a=gcboytw&f=9wwdYX8ovV%409789573251514-%E6%AD%BB%E4%BA%A1%E4%B9%8B%E7%8A%AC.png","阿嘉莎系列"
"殺人一瞬間","","阿嘉莎‧克莉絲蒂 (Agatha Christie)","Christie), 阿嘉莎‧克莉絲蒂 (Agatha","遠流出版","","2003","","309","9789573248699","","https://ap13.ragic.com/sims/file.jsp?a=gcboytw&f=jubyfEsbF9%409789573248699-%E6%AE%BA%E4%BA%BA%E4%B8%80%E7%9E%AC%E9%96%93.png","阿嘉莎系列"
"冰屋","","Minette Walters","Walters, Minette","臉譜文化事業有限公司","","1999","","365","9789578319257","","https://ap13.ragic.com/sims/file.jsp?a=gcboytw&f=1J9O4Ukb26%409789578319257-%E5%86%B0%E5%B1%8B.png",""
"龍殺人事件","","S. S. Van Dine","Dine, S. S. Van","臉譜文化事業","","2000","","308","9789578319714","","https://ap13.ragic.com/sims/file.jsp?a=gcboytw&f=06GIpX0Ru2%409789578319714-%E9%BE%8D%E6%AE%BA%E4%BA%BA%E4%BA%8B%E4%BB%B6.jpg",""
"白羅的聖誕假期","Hercule Poirot's Christmas","阿嘉莎‧克莉絲蒂 (Agatha Christie)","Christie), 阿嘉莎‧克莉絲蒂 (Agatha","遠流出版","2002/12/01","2002","聖誕節前夕，李依家突然發出傢俱倒地的巨響，此舉打破了他們一家的溫馨團聚之夜──因為緊接而來的便是一聲淒慘的尖叫。原來在此豪宅的樓上，它殘暴專橫的主人西蒙已倒在血泊中死去。白羅此時正在附近的一位朋友家過聖誕節，遂應邀前往辦案。一進入這個兇宅，他就感到一股詭異的氣氛──不是此案件血淋淋的現場令人膽寒，而是這家族中的人，竟無人顯露出悲傷悼念之意，反而充斥著互相猜忌的氣氛。而在細察之下，白羅發現他們每個人都有憎恨那位獨裁者的理由……","320","9789573248019","","https://ap13.ragic.com/sims/file.jsp?a=gcboytw&f=1PCZT4Fftw%409789573248019-%E7%99%BD%E7%BE%85%E7%9A%84%E8%81%96%E8%AA%95%E5%81%87%E6%9C%9F.jpg","阿嘉莎系列"
"冬季殺人事件","","S. S. Van Dine","Dine, S. S. Van","臉譜出版","","2000","","142","9789574691685","","https://ap13.ragic.com/sims/file.jsp?a=gcboytw&f=2NnXBwQGfJ%409789574691685-%E5%86%AC%E5%AD%A3%E6%AE%BA%E4%BA%BA%E4%BA%8B%E4%BB%B6.jpg",""
"主教殺人事件","","S. S. Van Dine","Dine, S. S. Van","臉譜文化出版","","1998","","345","9789578319103","","https://ap13.ragic.com/sims/file.jsp?a=gcboytw&f=4PdCO0tz2j%409789578319103-%E4%B8%BB%E6%95%99%E6%AE%BA%E4%BA%BA%E4%BA%8B%E4%BB%B6.jpg",""
"巴石立花園街謀殺案","Murder in the Mews","阿嘉莎‧克莉絲蒂 (Agatha Christie)","Christie), 阿嘉莎‧克莉絲蒂 (Agatha","遠流出版","2002/10/01","2002","一個女人如何能左手握槍自殺而傷口卻是在右太陽穴？一個軍中的高度機密文件失蹤了，又和有人撞見鬼有何關係？射殺葛沃斯爵士的那發子彈怎能同時也打碎房間另一端的鏡子？名女人瓦倫帝娜糾纏不清的三角戀情又是被誰給破解了？且看白羅面對這四個戲劇性十足且神秘詭測的高難度謎團，如何拆解重組，呈現給您一個最意想不到的驚人故事。","336","9789573247647","","https://ap13.ragic.com/sims/file.jsp?a=gcboytw&f=wJ194VRg64%409789573247647-%E5%B7%B4%E7%9F%B3%E7%AB%8B%E8%8A%B1%E5%9C%92%E8%A1%97%E8%AC%80%E6%AE%BA%E6%A1%88.png","阿嘉莎系列"
"三口棺材","The Three Coffins","約翰‧狄克遜‧卡爾","John Dickson Carr","遠流","2001/02/01","2001","","383","9789573242765","","https://ap13.ragic.com/sims/file.jsp?a=gcboytw&f=aIZA9pEORf%409789867335166-%E4%B8%89%E5%8F%A3%E6%A3%BA%E6%9D%90.png","謀殺專門店"
"十三人的晚宴","白羅神探系列","阿嘉莎‧克莉絲蒂 (Agatha Christie)","Christie), 阿嘉莎‧克莉絲蒂 (Agatha","遠流出版","","2002","","309","9789573246459","","https://ap13.ragic.com/sims/file.jsp?a=gcboytw&f=6Dd88B904o%409789573246459-%E5%8D%81%E4%B8%89%E4%BA%BA%E7%9A%84%E6%99%9A%E5%AE%B4.jpg","阿嘉莎系列"
"一張俊美的臉","","Josephine Tey","Tey, Josephine","臉譜文化事業","","1999","When detective sergeant Grant remembered something he had heard fom America, he begins to look for a dashing young American.","298","9789578319608","","https://ap13.ragic.com/sims/file.jsp?a=gcboytw&f=t2nLc7q0qz%409789578319608-%E4%B8%80%E5%BC%B5%E4%BF%8A%E7%BE%8E%E7%9A%84%E8%87%89.png",""
"一先令蠟燭","","Josephine Tey","Tey, Josephine","臉譜出版","","2000","","315","9789578319936","","https://ap13.ragic.com/sims/file.jsp?a=gcboytw&f=S9Pe4tq6pz%409789578319936-%E4%B8%80%E5%85%88%E4%BB%A4%E8%A0%9F%E7%87%AD.png",""
"一個都不留","","阿嘉莎‧克莉絲蒂 (Agatha Christie)","Christie), 阿嘉莎‧克莉絲蒂 (Agatha","遠流出版","","2003","A detective story where a nursery rhyme is used as a cue for killing.","293","9789573249955","","https://ap13.ragic.com/sims/file.jsp?a=gcboytw&f=uWHCK5w035%409789573249955-%E4%B8%80%E5%80%8B%E9%83%BD%E4%B8%8D%E7%95%99.png","阿嘉莎系列"
"13個難題","The Thirteen Problems","阿嘉莎‧克莉絲蒂 (Agatha Christie)","Christie), 阿嘉莎‧克莉絲蒂 (Agatha","遠流出版","2003/04/01","2003","聖瑪莉米德的老牧師彭德接受老友海頓的邀請，來到他的住處做客。海頓帶領賓客參觀艾絲塔特聖壇，心血來潮的戴安娜提議當晚在樹林?媮|辦一場月光化裝舞會。夜晚來臨，眾人精心打扮，走進陰森森的樹林，戴安娜中途不見人影，其他人走著走著，來到了聖壇，聖壇前站了個頭上長了兩個彎角的女人，眾人認出是戴安娜，但她卻自稱是艾絲塔特的女祭司，要眾人別靠近，否則死路一條。海頓衝向她，突然間，在距離她三碼遠的地方倒下，心臟遭人刺中，一刀斃命。究竟是誰在眾目睽睽之下殺了海頓？又如何得逞？或是神秘力量所為？老牧師一輩子忘不了這個恐怖的事件，而瑪波小姐等人也有各自的離奇經驗。十三個難題，十三篇精采的短篇極品，邀您加入一場接一場的智力遊戲。","256","9789573248927","","https://ap13.ragic.com/sims/file.jsp?a=gcboytw&f=FBd4yqO5zk%409789573248927-13%E5%80%8B%E9%9B%A3%E9%A1%8C.png","阿嘉莎系列"
"譚納的12體操金釵","","卜洛克,尤傳莉,Lawrence Block","Lawrence Block","臉譜出版","","2005","","237","9789867335609","","https://ap13.ragic.com/sims/file.jsp?a=gcboytw&f=7P0E81c8QT%409789867335609-%E8%AD%9A%E7%B4%8D%E7%9A%8412%E9%AB%94%E6%93%8D%E9%87%91%E9%87%B5.png",""
"繁花將盡","","Lawrence Block,尤傳莉","Block, Lawrence","臉譜出版","","2005","","415","9789867335258","","https://ap13.ragic.com/sims/file.jsp?a=gcboytw&f=KJ3RtcYq2N%409789867335258-%E7%B9%81%E8%8A%B1%E5%B0%87%E7%9B%A1.png",""
"謀殺巧藝","The simple art of murder","Raymond Chandler","Chandler, Raymond","臉譜","","1998","","462","9789577085863","","https://ap13.ragic.com/sims/file.jsp?a=gcboytw&f=RDFXCcqof0%409789577085863-%E8%AC%80%E6%AE%BA%E5%B7%A7%E8%97%9D.jpg",""
"閱讀史賓諾莎的賊","","勞倫斯·卜洛克","Block, Lawrence","臉譜出版","","2000","","292","9789574691364","","https://ap13.ragic.com/sims/file.jsp?a=gcboytw&f=zHlOog9FJL%409789574691364-%E9%96%B1%E8%AE%80%E5%8F%B2%E8%B3%93%E8%AB%BE%E8%8E%8E%E7%9A%84%E8%B3%8A.png",""
"漫長的告別","The long good-bye","Raymond Chandler","Chandler, Raymond","臉譜","","1998","","460","9789577085719","","https://ap13.ragic.com/sims/file.jsp?a=gcboytw&f=xoDcN1LlF6%409789577085719-%E6%BC%AB%E9%95%B7%E7%9A%84%E5%91%8A%E5%88%A5.png",""
"賈伯斯傳","","Walter Isaacson","Isaacson, Walter","天下遠見出版股份有限公司","","2011","""Based on more than forty interviews with Jobs conducted over two years, as well as interviews with more than a hundred family members, friends, adversaries, competitors, and colleagues, the author has written a riveting story of the roller-coaster life and searingly intense personality of a creative entrepreneur whose passion for perfection and ferocious drive revolutionized six industries: personal computers, animated movies, music, phones, tablet computing, and digital publishing. At a time when America is seeking ways to sustain its innovative edge, and when societies around the world are trying to build digital-age economies, Jobs stands as the ultimate icon of inventiveness and applied imagination. He knew that the best way to create value in the twenty-first century was to connect creativity with technology. He built a company where leaps of the imagination were combined with remarkable feats of engineering. Although Jobs's cooperated with this book, he asked for no control over what was written nor even the right to read it before it was published. He put nothing off-limits. He encouraged the people he knew to speak honestly. And Jobs speaks candidly, sometimes brutally so, about the people he worked with and competed against. His friends, foes, and colleagues provide an unvarnished view of the passions, perfectionism, obsessions, artistry, devilry, and compulsion for control that shaped his approach to business and the innovative products that resulted. Driven by demons, Jobs could drive those around him to fury and despair. But his personality and products were interrelated, just as Apple's hardware and software tended to be, as if part of an integrated system. His tale is instructive and cautionary, filled with lessons about innovation, character, leadership, and values.""--Publisher's description.","798","9789862168370","","https://ap13.ragic.com/sims/file.jsp?a=gcboytw&f=9p6CTo2x8o%409789862168370-%E8%B3%88%E4%BC%AF%E6%96%AF%E5%82%B3.png",""
"黑暗之刺","","勞倫斯·卜洛克","Block, Lawrence","臉譜出版","","1997","","230","9789577085405","","https://ap13.ragic.com/sims/file.jsp?a=gcboytw&f=0xWo59h7Of%409789577085405-%E9%BB%91%E6%9A%97%E4%B9%8B%E5%88%BA.png",""
"黑名單","","勞倫斯·卜洛克","勞倫斯·Lawrence Block","臉譜","","2003","","479","9789867896490","","https://ap13.ragic.com/sims/file.jsp?a=gcboytw&f=Er537B69g7%409789867896490-%E9%BB%91%E5%90%8D%E5%96%AE.jpg",""
"畫風像蒙德里安的賊","","勞倫斯·卜洛克","Block, Lawrence","臉譜出版","","2001","","345","9789574692811","","https://ap13.ragic.com/sims/file.jsp?a=gcboytw&f=qJXHC76xe9%409789574692811-%E7%95%AB%E9%A2%A8%E5%83%8F%E8%92%99%E5%BE%B7%E9%87%8C%E5%AE%89%E7%9A%84%E8%B3%8A.png",""
"湖中女子","","Raymond Chandler","Chandler, Raymond","臉譜","","1998","","292","9789577085696","","https://ap13.ragic.com/sims/file.jsp?a=gcboytw&f=KsNTyj2HUW%409789577085696-%E6%B9%96%E4%B8%AD%E5%A5%B3%E5%AD%90.jpg",""
"喜歡引用吉卜齡的賊","","勞倫斯·卜洛克","Block, Lawrence","臉譜文化事業股份有限公司","","2000","","289","9789578319967","","https://ap13.ragic.com/sims/file.jsp?a=gcboytw&f=76LHEArN01%409789578319967-%E5%96%9C%E6%AD%A1%E5%BC%95%E7%94%A8%E5%90%89%E5%8D%9C%E9%BD%A1%E7%9A%84%E8%B3%8A.png",""
"謀殺與創造之時","","勞倫斯·卜洛克","Block, Lawrence","臉譜出版","","1998","","199","9789577086785","","https://ap13.ragic.com/sims/file.jsp?a=gcboytw&f=66G41EbmNY%409789577086785-%E8%AC%80%E6%AE%BA%E8%88%87%E5%89%B5%E9%80%A0%E4%B9%8B%E6%99%82.png",""
"深藍色畫布","","赤川次郎","赤川次郎","皇冠文學出版有限公司","","1991","","281","9789573305996","","https://ap13.ragic.com/sims/file.jsp?a=gcboytw&f=me095qkoHM%409789573305996-%E6%B7%B1%E8%97%8D%E8%89%B2%E7%95%AB%E5%B8%83.jpg",""
"殺手","","勞倫斯·卜洛克","Block, Lawrence","臉譜出版","","2003","","394","9789867896360","","https://ap13.ragic.com/sims/file.jsp?a=gcboytw&f=c8ZZS6fX8q%409789867896360-%E6%AE%BA%E6%89%8B.png",""
"屠宰場之舞","A dance at the slaughterhouse","勞倫斯·卜洛克","Block, Lawrence","臉譜出版","","1998","","380","9789577086143","","https://ap13.ragic.com/sims/file.jsp?a=gcboytw&f=N43NlRWZf8%409789577086143-%E5%B1%A0%E5%AE%B0%E5%A0%B4%E4%B9%8B%E8%88%9E.png",""
"高窗","The high window","Raymond Chandler","Chandler, Raymond","臉譜","","1998","","296","9789577085689","","https://ap13.ragic.com/sims/file.jsp?a=gcboytw&f=2Mj1Ie9XF2%409789577085689-%E9%AB%98%E7%AA%97.jpg",""
"酒店關門之後","","勞倫斯·卜洛克","Block, Lawrence","臉譜出版","","1998","","354","9789577085399","","https://ap13.ragic.com/sims/file.jsp?a=gcboytw&f=7Q0Bs0AkXz%409789577085399-%E9%85%92%E5%BA%97%E9%97%9C%E9%96%80%E4%B9%8B%E5%BE%8C.jpg",""
"惡魔預知死亡","","勞倫斯·卜洛克","Block, Lawrence","臉譜出版","","1998","","399","9789577086266","","https://ap13.ragic.com/sims/file.jsp?a=gcboytw&f=S7a2c9Yukb%409789577086266-%E6%83%A1%E9%AD%94%E9%A0%90%E7%9F%A5%E6%AD%BB%E4%BA%A1.jpg",""
"倫敦河惡靈騷動","","Ben Aaronovitch","Aaronovitch, Ben","馬可孛羅","","2021","","392","9789860767421","","https://ap13.ragic.com/sims/file.jsp?a=gcboytw&f=67Srf9nn3U%409789860767421-%E5%80%AB%E6%95%A6%E6%B2%B3%E6%83%A1%E9%9D%88%E9%A8%B7%E5%8B%95.png",""
"重播","Playback","Raymond Chandler","Chandler, Raymond","臉譜","","1998","","222","9789577085726","","https://ap13.ragic.com/sims/file.jsp?a=gcboytw&f=B0ZwO5t925%409789577085726-%E9%87%8D%E6%92%AD.jpg",""
"雨中殺手","Killer in the rain","Raymond Chandler","Chandler, Raymond","臉譜","","1998","","542","9789577085856","","https://ap13.ragic.com/sims/file.jsp?a=gcboytw&f=iO28a357e9%409789577085856-%E9%9B%A8%E4%B8%AD%E6%AE%BA%E6%89%8B.jpg",""
"玩偶的椅子","","赤川次郎","赤川次郎","皇冠","","1992","","301","9789573308683","","https://ap13.ragic.com/sims/file.jsp?a=gcboytw&f=nrg2y290vt%409789573308683-%E7%8E%A9%E5%81%B6%E7%9A%84%E6%A4%85%E5%AD%90.jpg",""
"東方快車上的女人","","Lindsay Jayne Ashford","Ashford, Lindsay Jayne","臉譜出版","","2020","","350","9789862358757","","https://ap13.ragic.com/sims/file.jsp?a=gcboytw&f=1Un8YpTsUq%409789862358757-%E6%9D%B1%E6%96%B9%E5%BF%AB%E8%BB%8A%E4%B8%8A%E7%9A%84%E5%A5%B3%E4%BA%BA.png",""
"圖書館裡的賊","","勞倫斯·卜洛克","Lawrence Block","臉譜出版","","2001","","437","9789574696352","","https://ap13.ragic.com/sims/file.jsp?a=gcboytw&f=5vy37OrAc9%409789574696352-%E5%9C%96%E6%9B%B8%E9%A4%A8%E8%A3%A1%E7%9A%84%E8%B3%8A.jpg",""
"到墳場的車票","A ticket to the boneyard","勞倫斯·卜洛克","Lawrence Block","麥田出版","","1998","","347","9789577085238","","https://ap13.ragic.com/sims/file.jsp?a=gcboytw&f=yXg0zWeCJK%409789577085238-%E5%88%B0%E5%A2%B3%E5%A0%B4%E7%9A%84%E8%BB%8A%E7%A5%A8.png",""
"來殺我啊","","勞倫斯·卜洛克","Block, Lawrence","臉譜出版","","2014","Old habits die hard. When the economic downturn knocks out the construction business, a phone call from Dot draws Keller back into the old game. His work takes him to Dallas, to settle a domestic dispute; to Florida, where he joins a government witness on a West Indies cruise and to New York, where people might remember him.","375","9789862353141","","https://ap13.ragic.com/sims/file.jsp?a=gcboytw&f=vppNgJxS72%409789862353141-%E4%BE%86%E6%AE%BA%E6%88%91%E5%95%8A.png",""
"睡不著覺的密探","","勞倫斯·卜洛克","Block, Lawrence","臉譜出版","","2005","","251","9789867335197","","https://ap13.ragic.com/sims/file.jsp?a=gcboytw&f=1W5um9B8VP%409789867335197-%E7%9D%A1%E4%B8%8D%E8%91%97%E8%A6%BA%E7%9A%84%E5%AF%86%E6%8E%A2.png",""
"麥田賊手","","勞倫斯·卜洛克","Block, Lawrence","臉譜出版","","2001","","403","9789574698110","","https://ap13.ragic.com/sims/file.jsp?a=gcboytw&f=JXpOsgr6YW%409789574698110-%E9%BA%A5%E7%94%B0%E8%B3%8A%E6%89%8B.png",""
"每個人都死了","Everybody dies","勞倫斯·卜洛克","Block, Lawrence","臉譜文化","","1999","","427","9789578319530","","https://ap13.ragic.com/sims/file.jsp?a=gcboytw&f=9zBT9kuzrv%409789578319530-%E6%AF%8F%E5%80%8B%E4%BA%BA%E9%83%BD%E6%AD%BB%E4%BA%86.png",""
"把泰德威廉斯交易掉的賊","","勞倫斯·卜洛克","Block, Lawrence","臉譜出版","","2001","When Bernie is framed for baseball card theft, he determines to prove his innocence by stealing them back.","383","9789574693658","","https://ap13.ragic.com/sims/file.jsp?a=gcboytw&f=iQd748donf%409789574693658-%E6%8A%8A%E6%B3%B0%E5%BE%B7%E5%A8%81%E5%BB%89%E6%96%AF%E4%BA%A4%E6%98%93%E6%8E%89%E7%9A%84%E8%B4%BC.png",""
"抄底實戰66招：從台股賺一億變可能","","郭泰","郭泰","金尉股份有限公司","2019/05/01","2019","抄底大師郭泰 一步步帶你在台股賺大錢  　　▍別再當虧錢的小散戶 　　大家都知道，想要多賺錢，一定要投資，想靠薪水致富，根本是天方夜譚。但在台股中，卻有高達8成的散戶虧錢，因為這些人雖然知道要投資，卻沒有用對方法。進出場不是聽明牌，就是靠感覺，到最後都是小賺大賠收場，而無法真的從投資中致富。  　　▍投資台股 你只需要這本書 　　別再買一堆股市投資書亂讀一通了！學得多，不一定會讓你賺得多，重要的是，要學會正確的投資觀念。也別再花冤枉錢去買投顧老師的課程了，如果投顧老師帶你進出能保證獲利，那麼他根本不用開課招會員了，自己買、自己賺，不是更輕鬆！  　　▍66招帶你成為投資高手 　　抄底大師郭泰，累積多年在台股的實戰經驗，整理出66招必勝絕招，帶領讀者一步步走向投資致富之路。從建立正確觀念，到實際操作的技巧，郭泰完全不藏私，將畢生的絕學全部傳授給讀者。","108","9789869739023","","https://ap13.ragic.com/sims/file.jsp?a=gcboytw&f=VGiKr2hS3J%409789869739023-%E6%8A%84%E5%BA%95%E5%AF%A6%E6%88%B066%E6%8B%9B.png","財經工具書"
"找麻煩是我的職業","Trouble is my business","Raymond Chandler","Chandler, Raymond","臉譜","","1998","","276","9789577085733","","https://ap13.ragic.com/sims/file.jsp?a=gcboytw&f=jqP2KLP9F0%409789577085733-%E6%89%BE%E9%BA%BB%E7%85%A9%E6%98%AF%E6%88%91%E7%9A%84%E8%81%B7%E6%A5%AD.jpg",""
"完美殘骸","","Helen Fields,費爾茲","Fields, Helen","馬可孛羅","","2021","","375","9789865509705","","https://ap13.ragic.com/sims/file.jsp?a=gcboytw&f=GAB4hiygqy%409789865509705-%E5%AE%8C%E7%BE%8E%E6%AE%98%E9%AA%B8.png",""
"別無選擇的賊","","勞倫斯·卜洛克","Block, Lawrence","臉譜出版","","2000","","284","9789578319820","","https://ap13.ragic.com/sims/file.jsp?a=gcboytw&f=O4jJvfqjeU%409789578319820-%E5%88%A5%E7%84%A1%E9%81%B8%E6%93%87%E7%9A%84%E8%B3%8A.png",""
"你沒學到的巴菲特","股神默默在做的事","闕又上","闕又上","金尉股份有限公司","","2017","","350","9789869560900","","https://ap13.ragic.com/sims/file.jsp?a=gcboytw&f=f132CosDg1%409789869560900-%E4%BD%A0%E6%B2%92%E5%AD%B8%E5%88%B0%E7%9A%84%E5%B7%B4%E8%8F%B2%E7%89%B9.png","財經工具書"
"作廢的捷克人","","勞倫斯·卜洛克","Block, Lawrence","臉譜出版","","2005","","254","9789867335333","","https://ap13.ragic.com/sims/file.jsp?a=gcboytw&f=7wmpp80Ayv%409789867335333-%E4%BD%9C%E5%BB%A2%E7%9A%84%E6%8D%B7%E5%85%8B%E4%BA%BA.png",""
"衣櫃裡的賊","","勞倫斯·卜洛克","Block, Lawrence","臉譜出版","","2000","","252","9789578319837","","https://ap13.ragic.com/sims/file.jsp?a=gcboytw&f=Krw2RlJ5XS%409789578319837-%E8%A1%A3%E6%AB%83%E8%A3%A1%E7%9A%84%E8%B3%8A.jpg",""
"行過死蔭之地","A walk along the tombstones","Lawrence Block","Block, Lawrence","麥田出版","","1998","","423","9789577086235","","https://ap13.ragic.com/sims/file.jsp?a=gcboytw&f=WTkU4g52IT%409789577086235-%E8%A1%8C%E9%81%8E%E6%AD%BB%E8%94%AD%E4%B9%8B%E5%9C%B0.png",""
"自以為是亨佛萊鮑嘉的賊","","勞倫斯·卜洛克","Lawrence), Lawrence Block (Block,","臉譜出版","","2001","","393","9789574694815","","https://ap13.ragic.com/sims/file.jsp?a=gcboytw&f=f2AaJRJ8C4%409789574694815-%E8%87%AA%E4%BB%A5%E7%82%BA%E6%98%AF%E4%BA%A8%E4%BD%9B%E8%90%8A%E9%AE%91%E5%98%89%E7%9A%84%E8%B3%8A.png",""
"死亡的渴望","Hope to die","勞倫斯·卜洛克","Block, Lawrence","臉譜出版","","2002","","451","9789867896148","","https://ap13.ragic.com/sims/file.jsp?a=gcboytw&f=6039a4Sc16%409789867896148-%E6%AD%BB%E4%BA%A1%E7%9A%84%E6%B8%B4%E6%9C%9B.png",""
"向邪惡追索","","勞倫斯·卜洛克","Block, Lawrence","臉譜出版","","1999","","405","9789578319295","","https://ap13.ragic.com/sims/file.jsp?a=gcboytw&f=bLba552763%409789578319295-%E5%90%91%E9%82%AA%E6%83%A1%E8%BF%BD%E7%B4%A2.png",""
"犯罪藝術家","Artists in Crime","奈歐．馬許","Ngaio Marsh","遠流","","2002","","432","9789573247777","","https://ap13.ragic.com/sims/file.jsp?a=gcboytw&f=VyqTkAu814%409789573247777-%E7%8A%AF%E7%BD%AA%E8%97%9D%E8%A1%93%E5%AE%B6.png","謀殺專門店"
"父之罪","The sins of the fathers","勞倫斯·卜洛克","Lawrence Block","臉譜出版","","1998","","200","9789577086242","","https://ap13.ragic.com/sims/file.jsp?a=gcboytw&f=4T9DX3y6S8%409789577086242-%E7%88%B6%E4%B9%8B%E7%BD%AA.png",""
"小城","","勞倫斯·卜洛克","Block, Lawrence","臉譜出版","","2003","","628","9789867896520","","https://ap13.ragic.com/sims/file.jsp?a=gcboytw&f=wsWp9yWTEH%409789867896520-%E5%B0%8F%E5%9F%8E.png",""
"小妹","The little sister","Raymond Chandler","Chandler, Raymond","臉譜","","1998","","334","9789577085702","","https://ap13.ragic.com/sims/file.jsp?a=gcboytw&f=It4J2T7MUg%409789577085702-%E5%B0%8F%E5%A6%B9.png",""
"大眠","The big sleep","Raymond Chandler","Chandler, Raymond","臉譜","","1998","","316","9789577085665","","https://ap13.ragic.com/sims/file.jsp?a=gcboytw&f=tVARR079eK%409789577085665-%E5%A4%A7%E7%9C%A0.png",""
"刀鋒之先","Out on the cutting edge","勞倫斯·卜洛克","Block, Lawrence","臉譜出版","","1998","","298","9789577085221","","https://ap13.ragic.com/sims/file.jsp?a=gcboytw&f=5Rk4diGcpF%409789577085221-%E5%88%80%E9%8B%92%E4%B9%8B%E5%85%88.png",""
"八百萬種死法","Eight million ways to die","勞倫斯·卜洛克","Block, Lawrence","臉譜出版","","1997","","429","9789577085177","","https://ap13.ragic.com/sims/file.jsp?a=gcboytw&f=y77cy4wx5F%409789577085177-%E5%85%AB%E7%99%BE%E8%90%AC%E7%A8%AE%E6%AD%BB%E6%B3%95.png",""
"一長串的死者","","勞倫斯·卜洛克","Block), 勞倫斯．Lawrence Block(Lawrence","臉譜","","2002","愛倫坡終身大師獎得主、紐約犯罪風景的行吟詩人——勞倫斯‧Lawrence Block  冷硬派偵探系列代表作     要是真有個殺手，幾乎可以確定，一定是我們之中的一個。    朱天心x朱天文x李桐豪x唐諾x冬陽x張國立x陳雪x個人意見 陳祺勳x臥斧x傅月庵x劉梓潔x駱以軍x顏忠賢    ──齊聲推薦    「這個房間裡的每一個人，都從出生後便花上一生的時間步向死亡，  每天都向死亡邁進一步。  這是一條難以獨行的路，有好同伴會輕鬆得多。」     三十一個人，一個接一個走向自己的墳墓，剩下的最後一個就再重新開始一輪俱樂部。  這一長串的死者，可以上溯好幾個世紀。     一個名為「三一俱樂部」的結社由三十一名青壯年男子組成，每年相約在五月的第一個週四聚會報告近況、緬懷死者，形成了簡單但溫暖的情誼，而等到俱樂部成員凋零到只剩一人，留下來的這最後一位就必須找到另外三十位新成員，重新延續這項傳統。     然而，才過了三十二年，三十一位成員中就已有超過半數陸續死亡；雖然，生老病死本是人無法掌控的自然法則，但這個俱樂部裡的成員，自殺、事故、遇襲的死亡機率卻是高得超乎常理。於是，其中一名會員希伯蘭委託史卡德找出真相，他語重心長地說：「要是真有個殺手，幾乎可以確定，一定是我們之中的一個。」     俱樂部成員名單上不乏社會名流，其中還有史卡德熟識的律師雷蒙．古魯留。調查過程中，史卡德認識了一位警衛吉姆．休特。他帶著嗜酒的休特參加無名戒酒會，但沒多久，休特卻突然沒了消息，心急如焚的史卡德闖進休特的租屋處，卻發現他早已不告而別。     休特帶來的小插曲困擾著史卡德，而他追查的線索也影響了俱樂部的會員。不安的氣氛蔓延著，會員彼此猜忌，深怕自己是下一個受害者。當死者名冊上的人數繼續增加時，屠夫米基‧巴魯已故弟弟的故事，成了破案的關鍵。而史卡德與幾位菁英會員布了個局，這一回肯定要逮住在他們身邊潛伏多年的兇手，讓他付出一輩子的代價……      「史卡德這角色是因為死亡才成形的，那樁跳彈誤殺街邊女孩的意外，把史卡德從體制內的警職拉扯出來，變成一個體制外孤獨抵抗人性黑暗的存在。過了二十多年，人生似乎步入安穩境地之際，世界的陡然劇變與個人的生理狀態，則提醒每個人：死亡非但從未遠去，還越來越近。」    ──臥斧（摘自推薦序〈關於我的朋友馬修．史卡德〉）","84","9789577086667","","https://ap13.ragic.com/sims/file.jsp?a=gcboytw&f=9mpSD218X5%409789577086667-%E4%B8%80%E9%95%B7%E4%B8%B2%E7%9A%84%E6%AD%BB%E8%80%85.jpg",""
"蟲占","狂暴牡羊","Karen Irving","Irving, Karen","九角文化果藤書房","","2007","","318","9789868326712","","https://ap13.ragic.com/sims/file.jsp?a=gcboytw&f=ktFXm9ZHMC%409789868326712-%E8%9F%B2%E5%8D%A0.jpg",""
"獵豹財務長給投資新手的第一堂課","","郭恭克","郭恭克","商周出版","2012/11/09","2012","人生投資的起點‧理財贏家的養成祕笈獵豹財務長給投資新手的最佳入門書投資理財的人這麼多，為什麼只有極少數的人能成為真正的贏家？在開始投資理財之前，由擁有20餘年投資經驗的獵豹財務長為你打下良好的基礎。本書內容分為五大區塊：(1) 個人資產負債檢視與投資的前置準備；(2) 基本的經濟理論與簡單實務；(3) 投資分析與決策；(4) 著名泡沫事件的回顧；(5) 投資心理分析。從本書中，你將學會掌握財報的關鍵數字，懂得在景氣循環的不同階段採取不同的投資策略，並聰明避開投資理財的陷阱。只有成為策略型投資人，才能讓你成為長線贏家，實現財務自由的目標！","267","9789862722572","","https://ap13.ragic.com/sims/file.jsp?a=gcboytw&f=u83Mz342Vv%409789862722572-%E7%8D%B5%E8%B1%B9%E8%B2%A1%E5%8B%99%E9%95%B7%E7%B5%A6%E6%8A%95%E8%B3%87%E6%96%B0%E6%89%8B%E7%9A%84%E7%AC%AC%E4%B8%80%E5%A0%82%E8%AA%B2.png","財經工具書"
"蝙蝠俠的幫手","","勞倫斯·卜洛克","Block, Lawrence","臉譜出版","","2020","","264","9789862358009","","https://ap13.ragic.com/sims/file.jsp?a=gcboytw&f=5hd9rH3DvJ%409789862358009-%E8%9D%99%E8%9D%A0%E4%BF%A0%E7%9A%84%E5%B9%AB%E6%89%8B.png",""
"福爾摩斯與開膛手傑克","","Lyndsay Faye,斐琳西","Faye, Lyndsay","臉譜出版","","2013","","382","9789862352939","","https://ap13.ragic.com/sims/file.jsp?a=gcboytw&f=l83U1hjTag%409789862352939-%E7%A6%8F%E7%88%BE%E6%91%A9%E6%96%AF%E8%88%87%E9%96%8B%E8%86%9B%E6%89%8B%E5%82%91%E5%85%8B.png",""
"圖解法律記憶法","國家考試的第一本書","錢世傑","錢世傑","十力","","2013","","","9789868821699","","https://ap13.ragic.com/sims/file.jsp?a=gcboytw&f=I3n52kLgWB%409789868821699-%E5%9C%96%E8%A7%A3%E6%B3%95%E5%BE%8B%E8%A8%98%E6%86%B6%E6%B3%95.png",""
"遇見更好的自己","SWAN的價值投資法","劉憶如","劉憶如","宏治國際","","","","","9789869302814","","https://ap13.ragic.com/sims/file.jsp?a=gcboytw&f=W6Vs5u44Br%409789869302814-%E9%81%87%E8%A6%8B%E6%9B%B4%E5%A5%BD%E7%9A%84%E8%87%AA%E5%B7%B1.png",""
"葡萄酒知識大全","","劉曉茹","劉曉茹","樂活文化事業股份有限公司","","2010","","199","9789866252112","","https://ap13.ragic.com/sims/file.jsp?a=gcboytw&f=D3U77QRi7e%409789866252112-%E8%91%A1%E8%90%84%E9%85%92%E7%9F%A5%E8%AD%98%E5%A4%A7%E5%85%A8.jpg",""
"會跳舞的大象","林裕森的葡萄酒短篇","林裕森 (食品科學)","(食品科學), 林裕森","城邦商業周刊","","2016","本书作者遍访世界各地葡萄酒产地, 用敏锐的味蕾品尝酒风各自精彩的葡萄酒.他优雅轻盈的文字, 独特的视角, 映照出葡萄酒的风土, 品种, 酿造, 风潮等面向, 也精准传达了丰富多彩的滋味.","","9789869253871","","https://ap13.ragic.com/sims/file.jsp?a=gcboytw&f=SIB98zYm4v%409789869253871-%E6%9C%83%E8%B7%B3%E8%88%9E%E7%9A%84%E5%A4%A7%E8%B1%A1.jpg",""
"速度力和整理力","速度力和整理力 = 仕事が速くなる力と整理する力が,1冊でビシッと身につく本","知的習慣探求舍","知的習慣探求舍","天下文化","","2014","","","9789862419113","","https://ap13.ragic.com/sims/file.jsp?a=gcboytw&f=u6Besv0F70%409789862419113-%E9%80%9F%E5%BA%A6%E5%8A%9B%E5%92%8C%E6%95%B4%E7%90%86%E5%8A%9B.jpg",""
"殺手打帶跑","Hit and run / Lawrence Block","勞倫斯·卜洛克","Block, Lawrence","臉譜出版","","2010","","328","9789861204406","","https://ap13.ragic.com/sims/file.jsp?a=gcboytw&f=h70FUzsAay%409789861204406-%E6%AE%BA%E6%89%8B%E6%89%93%E5%B8%B6%E8%B7%91.png",""
"專買黑馬股","K線捕手楊忠憲教你用1張表逮飆股","楊忠憲","文字作者, 楊忠憲, 1978-","Smart zhi fu chu ban","","2025","","","9786267560082","","https://ap13.ragic.com/sims/file.jsp?a=gcboytw&f=RU19821PPd%409786267560082-K%E7%B7%9A%E6%8D%95%E6%89%8B%E6%A5%8A%E5%BF%A0%E6%86%B2%E6%95%99%E4%BD%A0%E7%94%A81%E5%BC%B5%E8%A1%A8%E9%80%AE%E9%A3%86%E8%82%A1.png",""
"做自己成為內心渴望成為的那個人","讓內心強大的「心靈修練法」","劉依沛","劉依沛","宏治國際","","2021","","","9789869302838","","https://ap13.ragic.com/sims/file.jsp?a=gcboytw&f=NOjgjIBC0U%409789869302838-%E5%81%9A%E8%87%AA%E5%B7%B1%E6%88%90%E7%82%BA%E5%85%A7%E5%BF%83%E6%B8%B4%E6%9C%9B%E6%88%90%E7%82%BA%E7%9A%84%E9%82%A3%E5%80%8B%E4%BA%BA.png",""
"烈酒一滴","","勞倫斯·卜洛克","Block, Lawrence","臉譜","","2011","Traditional Chinese edition of Lawrence Block's novel A DROP OF THE HARD STUFF. In Traditional Chinese. Distributed by Tsai Fong Books, Inc.","383","9789861209708","","https://ap13.ragic.com/sims/file.jsp?a=gcboytw&f=7TfXy2iIPU%409789861209708-%E7%83%88%E9%85%92%E4%B8%80%E6%BB%B4.png",""
"保險好Easy","拿回保險的主導權用小錢買到大保障","保險e聊站","保險e聊站","智保資訊有限公司","","2023","","","9789869365918","","https://ap13.ragic.com/sims/file.jsp?a=gcboytw&f=QV55vZ0yc8%409789869365918-%E4%BF%9D%E9%9A%AA%E5%A5%BDEasy.png",""
"寶劍八","","John Dickson Carr","黃[Dan]俐","臉譜出版","","2003","","283","9789867896414","","https://ap13.ragic.com/sims/file.jsp?a=gcboytw&f=26P5S3370v%409789867896414-%E5%AF%B6%E5%8A%8D%E5%85%AB.png",""
"我的職業是股東","平凡的投資豐富的收成","林茂昌","林茂昌","早安財經文化出版","","2010","","212","9789866613326","","https://ap13.ragic.com/sims/file.jsp?a=gcboytw&f=530hXOj90R%409789866613326-%E6%88%91%E7%9A%84%E8%81%B7%E6%A5%AD%E6%98%AF%E8%82%A1%E6%9D%B1.png","財經工具書"
"你所應該擁有的財富 絕對不是只有金錢而已","","劉依沛","劉依沛","宏治國際","","","","","9789869302876","","https://ap13.ragic.com/sims/file.jsp?a=gcboytw&f=cG989LvHm3%409789869302876-%E4%BD%A0%E6%89%80%E6%87%89%E8%A9%B2%E6%93%81%E6%9C%89%E7%9A%84%E8%B2%A1%E5%AF%8C.png","財經工具書"
"色情電影謀殺案","","霍克,許瓊瑩,Edward D. Hoch,Ellery)) 昆恩 ((Queen","霍克","臉譜出版","","2005","","239","9789867335661","","https://ap13.ragic.com/sims/file.jsp?a=gcboytw&f=d4AkXrmimR%409789867335661-%E8%89%B2%E6%83%85%E9%9B%BB%E5%BD%B1%E8%AC%80%E6%AE%BA%E6%A1%88.png",""
"灰階思考","","謝孟恭","謝孟恭","天下文化","","2021","","235","9789865251024","","https://ap13.ragic.com/sims/file.jsp?a=gcboytw&f=xW1KW221Tu%409789865251024-%E7%81%B0%E9%9A%8E%E6%80%9D%E8%80%83.png",""
"水晶寶石的靈性功能","","徐華震","徐華震","淳貿企業有限公司","","1994","","312","9789579980623","","https://ap13.ragic.com/sims/file.jsp?a=gcboytw&f=96m5Um3xAA%409789579980623-%E6%B0%B4%E6%99%B6%E5%AF%B6%E7%9F%B3%E7%9A%84%E9%9D%88%E6%80%A7%E5%8A%9F%E8%83%BD.jpg","塔羅占星"
"一個投機者的告白之證券心理學","","科斯托蘭尼","科斯托蘭尼","城邦文化商業周刊出版","","2010","證券心理學:科斯托蘭尼在第一次操作股票的經驗中學到:股票市場裡沒有什麼事是不可能的.即使你認為它應照邏輯推算該如何進行.他認為光是取得所有股票資訊仍是不夠的, 想像力才是投機操作的原始動力;是成功的先決條件.因此, 他非常鄙視完全不具有想像力的投資分析系統和股市諮詢電腦.股市的波浪起伏經常是波濤洶湧, 同時也充滿人性的味道, 而這就是本書要討論的主題.科斯托蘭尼後來和友人成立股市投資研習會, 和社會大眾分享他的心得.本書是成功的股市操盤高手及投資人必備的參考書.內容不但揭露了股票市場中的機密, 而且培養讀者獨立思考以及獨立操作股票的能力.本書不像是課堂上的教課書, 更像是一本出自科斯托蘭尼之手的小說, 如同他自己說的:""我不是在授課, 我只是對學生說故事罷了.""","245","9789868571556","","https://ap13.ragic.com/sims/file.jsp?a=gcboytw&f=blmSWOb9tO%409789868571556-%E4%B8%80%E5%80%8B%E6%8A%95%E6%A9%9F%E8%80%85%E7%9A%84%E5%91%8A%E7%99%BD%E4%B9%8B%E8%AD%89%E5%88%B8%E5%BF%83%E7%90%86%E5%AD%B8.jpg","財經工具書"
"一個投機者的告白","","科斯托蘭尼","Kostolany, André","城邦文化商業周刊出版","","2010","","262","9789868571570","","https://ap13.ragic.com/sims/file.jsp?a=gcboytw&f=V5Y8RCNX9W%409789868571570-%E4%B8%80%E5%80%8B%E6%8A%95%E6%A9%9F%E8%80%85%E7%9A%84%E5%91%8A%E7%99%BD.jpg","財經工具書"
"一個投機者的告白之金錢遊戲","","科斯托蘭尼","Kostolany, André","城邦文化商業周刊出版","","2010","","285","9789868571563","","https://ap13.ragic.com/sims/file.jsp?a=gcboytw&f=f5ptpSPlTe%409789868571563-%E4%B8%80%E5%80%8B%E6%8A%95%E6%A9%9F%E8%80%85%E7%9A%84%E5%91%8A%E7%99%BD%E4%B9%8B%E9%87%91%E9%8C%A2%E9%81%8A%E6%88%B2.jpg","財經工具書"
"Pierre皮耶塔羅事件簿","","皮耶","皮耶","商業周刊出版","","","","","9789579871044","","https://ap13.ragic.com/sims/file.jsp?a=gcboytw&f=mrNcKT0so2%40Pierre%E7%9A%AE%E8%80%B6%E5%A1%94%E7%BE%85%E4%BA%8B%E4%BB%B6%E7%B0%BF.png","塔羅占星"
"職場塔羅星想法","","星星王子","星星王子","早安財經","","","","","9789868319608","","https://ap13.ragic.com/sims/file.jsp?a=gcboytw&f=JOh58786Cz%40%E8%81%B7%E5%A0%B4%E5%A1%94%E7%BE%85%E6%98%9F%E6%83%B3%E6%B3%95.png","塔羅占星"
"福爾摩斯思考術","讓思考更清晰, 見解更深入的心智策略","Maria Konnikova","Konnikova, Maria","商周出版","2013/10/03","","Traditional Chinese edition of Mastermind: How to Think like Sherlock Holmes, a self help book to teach us how to sharpen our perceptions and solve problems like Sherlock Holmes.","320","9789862724569","","https://ap13.ragic.com/sims/file.jsp?a=gcboytw&f=2RiwAa94Sy%40%E7%A6%8F%E7%88%BE%E6%91%A9%E6%96%AF%E6%80%9D%E8%80%83%E8%A1%93.png",""
"跟著大師學塔羅逆位牌","翻轉塔羅解牌視野.逆位最佳解牌指南","Mary Katherine Greer,格瑞爾","Greer, Mary Katherine","楓樹林","","","～翻轉塔羅解牌視野:逆位最佳解牌指南～
★塔羅界泰斗瑪莉‧K‧格瑞爾經典之作
★亞馬遜4.8星至高好評,長銷改訂版!
★繁體絕版多年,重新修定增補!
★諮商心理師/鐘穎——專文推薦","","9786267108758","","https://ap13.ragic.com/sims/file.jsp?a=gcboytw&f=fUpG6691Zd%40%E8%B7%9F%E8%91%97%E5%A4%A7%E5%B8%AB%E5%AD%B8%E5%A1%94%E7%BE%85%E9%80%86%E4%BD%8D%E7%89%8C.png","塔羅占星"
"愛情全占星：了解愛情原動力，學習完美的親密關係（全新增訂版）","","韓良露","韓良露","南瓜國際有限公司","2019/08/20","","占星就像每個人出生時拿了一張人生地圖。 但探索屬於自己地圖的過程時，命運還是掌握在自己的手中； 雖然擁有地圖，你還是可以決定要怎麼樣到達目的地。 ——創作歌手陳綺貞  占星大師韓良露的第一本著作 暢銷經典全新增訂出版 你是哪一種情人？你會受哪一種情人吸引？ 為什麼總是愛上不該愛的人？ 天雷勾動地火可不可以長久？ 細水長流到後來會不會一無所有？ 做為宇宙棋子的我們，遇到個人星圖中的性愛問題時，除非推翻棋陣不玩了，否則與其糊里糊塗跟著棋陣走，不如學會觀察自己這一盤棋，替自己找出較好的下棋方式。真正自我了解才能自愛，真正能愛自己才能愛人。 經由理解每段親密關係中的能量，才能讓靈魂不斷新生、成長，在生命的過程中更趨完美。我們會發現，唯有越完美的靈魂，才能享有越完美的親密關係。 全新增訂版收錄近萬字未曾出版的占星相關文章，透過生動易懂的說明，引領大家由淺入深進入占星學的美妙世界。　閱讀本書可以學會： ◎本命星圖各個行星能量運作的模式，了解生命中的優勢與陷阱。 ◎愛與性的各種面向，找出自己性愛的真正需求。 ◎不同星座與自己的不同的緣份，找出更好的面對模式。","295","9789869291613","","https://ap13.ragic.com/sims/file.jsp?a=gcboytw&f=a0oM645w80%40%E6%84%9B%E6%83%85%E5%85%A8%E5%8D%A0%E6%98%9F.png","塔羅占星"
"塔羅葵花寶典","","向日葵","向日葵","尖端出版","2004/09/18","","在學習塔羅牌的過程中，牌義是最令人困擾的，本書從正位的解釋出發，轉換角度看看逆位，讓你輕易上手，通盤掌握塔羅的點線面。勤練葵花寶典三大心法，讓你舉一反三，快速掌握牌義要點，建立解牌信心。◆掌握牌義的教戰守則◆看看牌面，將自己投身在圖像中，說出自己的感覺，找出互相呼應、矛盾的地方，如此，便能靈活發揮理解牌義的能力。◆解讀逆位的心理建設◆別看到逆位牌就放棄了！事實上，逆位只是正位的變化和補充，它可以演繹出不同角度的智慧，並藉此探知被壓抑或否認的情緒，啟發你內在或隱性的潛能。◆個人化你的塔羅牌◆厭倦了照本宣科嗎？本書教你如何創造專屬自己的外掛程式，建立起獨樹一幟的解牌風格。「生命之眼身心靈中心執行長」王中和、「道家書院首席塔羅講師」清風，聯合推薦。","274","9789571029269","","https://ap13.ragic.com/sims/file.jsp?a=gcboytw&f=9P4Qkhms25%40%E5%A1%94%E7%BE%85%E8%91%B5%E8%8A%B1%E5%AF%B6%E5%85%B8.png","塔羅占星"
"塔羅攻略","從偉特系牌圖透析塔羅奧祕","星宿老師","星宿老師","shi zi wen hua shi ye you xian gong si","","","","","9789865496432","","https://ap13.ragic.com/sims/file.jsp?a=gcboytw&f=s1c8srfJi9%40%E5%A1%94%E7%BE%85%E6%94%BB%E7%95%A5.png","塔羅占星"
"塔羅全書","如何解開塔羅的祕密","Rachel Pollack","Pollack, Rachel","商周出版","","","","192","9789861247076","","https://ap13.ragic.com/sims/file.jsp?a=gcboytw&f=HlLpGw8SMo%40%E5%A1%94%E7%BE%85%E5%85%A8%E6%9B%B8.png","塔羅占星"
"塔羅占卜全書","","魯道夫","魯道夫","春光出版","","","","174","9789867848086","","https://ap13.ragic.com/sims/file.jsp?a=gcboytw&f=K4ib3b63I2%40%E5%A1%94%E7%BE%85%E5%8D%A0%E5%8D%9C%E5%85%A8%E6%9B%B8.png","塔羅占星"
"塔羅入門經典牌陣","","丹尼爾","丹尼爾","尖端出版","2004/10/18","","華文出版界第一本塔羅牌陣介紹專書 ■完整收錄110則塔羅占卜人氣話題 ■讓你輕鬆擺陣、看圖學習，深入解析、詳細解讀 我和他的感情將如何發展？ ■就讓時間之流牌陣為你解答 我今年的整體運勢如何？ ■排排月曆牌陣答案自然湧現 我想知道今天自己整體的表現如何？ ■不妨讓身心靈牌陣告訴你 我與他現在的感情狀況如何？ ■試試七行星牌陣進行分析 我的生活出了什麼問題？ ■請將脈輪牌陣一一展開 我今年的人生課題為何？ ■深入生命之樹牌陣探索內在","315","9789571029337","","https://ap13.ragic.com/sims/file.jsp?a=gcboytw&f=h1actf6Lcn%40%E5%A1%94%E7%BE%85%E5%85%A5%E9%96%80%E7%B6%93%E5%85%B8%E7%89%8C%E9%99%A3.png","塔羅占星"
"塔羅入門","全譯本","邦寧","邦寧","商周出版","","","","","9789861247809","","https://ap13.ragic.com/sims/file.jsp?a=gcboytw&f=l7jBlmSB5s%40%E5%A1%94%E7%BE%85%E5%85%A5%E9%96%80.png","塔羅占星"
"發現我的天才","","Marcus Buckingham,巴金漢,Donald O. Clifton,Wenying Cai","Buckingham, Marcus","城邦商業周刊","","","","245","9789868685703","","https://ap13.ragic.com/sims/file.jsp?a=gcboytw&f=8IgzoeIf68%40%E7%99%BC%E7%8F%BE%E6%88%91%E7%9A%84%E5%A4%A9%E6%89%8D.png",""
"最高學習法","12個改變你如何思考、學習與記憶的核心關鍵","傑里德．庫尼．霍維斯","傑里德．庫尼．霍維斯","大田出版有限公司","2020/08/01","","腦內革命新一波 遠離事倍功半的冤枉路 在擁擠吵雜的酒吧要如何做出有效的PowerPoint簡報？常常馬拉松追劇，你記得多少劇情？還是追一齣忘一齣？上台準備演講，你滿懷希望台下的人覺得你準備充分、專業，愛上你的演講……你是不是在工作場所以外巧遇同事卻認不出來？K書的時候聽音樂究竟幫助還是妨礙學習？我們常常在「習慣」之中一直錯用我們的大腦。本書作者擁有豐富的教學經驗，同時也是一位精通於腦神經科學的專家。他直接宣告：「我們每個人都是老師。」為什麼？因為我們必須透過如何「教」，才會知道如何「學」；透過如何「記」，才會明白如何「讀」；透過如何「聽」，才能夠練習如何「思考」。如果你成天對同事和客戶說同樣的話、厭倦到想吐；如果你反覆不斷訓練你的運動員或學生，卻始終看不到一點進步，幾乎心灰意冷；如果你在台上挖空心思做簡報、底下聽講的人卻轉頭就忘……現在就讓本書來啟動你的學習力，教學力！一本從腦神經科學，有憑有據的實驗證明，逐步解析有關「學習」的過程、技巧與盲點，進而根據這些原理提供教的方式與應用指南，激化你的大腦，打破習慣思維。如果你在創意、行銷、品牌經營、銷售等領域工作，如果你正想突破自己的成長，這本書非讀不可。 大力推薦給教師、運動健身教練、演說家、家長、自學者……在創意、行銷、品牌經營、銷售等工作的人必讀之書【專文推薦】 整個閱讀過程可以說是一趟非常愉悅且妙趣橫生的腦科學之旅。__國立交通大學兼任助理教授/中央廣播電台主持人　李律鋒【國內按讚聲不斷】溝通是份禮物，是教與學，是透過聆聽理解和表達，建立與自己、與他人更深刻的連結。然而到底如何溝通？如何教？如何學？作者透過圖片、比喻、實驗等深入淺出地解答，不只提供實用建議，更帶領讀者剖析原理，立即體驗效果，徹底感受學習樂趣！__知識型YouTuber Why學生我經常在社群上分享上台演講教學、甚至是錄說書影片的心得，所以也常常會有人問我，該怎麼學習才會更有效率。本書談的是有關大腦與學習之間的關係，如果你有學習上的困擾，相信所有問題都可以在本書中找到答案。__千萬人氣部落客、空姐報報EmilyPost版主 Emily一本將腦科學與認知心理學活用於生活與工作的好書！__台大心理系副教授、《大腦簡史》作者 謝伯讓也許，我們都在浪費彼此的生命。當在溝通、簡報、教學的時刻，如果不理解大腦的學習模式，不但無效，還得花更多時間，也就是彼此的生命。還好，這本書透過腦科學結合生活情境，讓我們能有效傳遞。不只說給他聽，更幫助對方更好的理解。__溝通表達培訓師 張忘形這本書印證了我過去部分的思維，但也改變了很多我對訊息傳遞的認識，內容對社群訊息設計觀念合用，非常推薦行銷人閱讀。__電商人妻 Audrey在當今追求速成、短期績效的加速社會中，自我成長的學習書籍不斷推陳出新，但多數都只是對成功人士或作者自己有效的學習方法，而未考慮用同樣學習方法卻失敗的多數人，即所謂「倖存者偏誤」。本書作者從神經科學反覆驗證過的研究成果出發，用有趣的實驗介紹學習與記憶的腦科學，非常適合領導者、教學者與任何想要深化學習力的讀者！__知識型YouTuber 超級歪【強力推薦】溝通心理學家 裘凱宇閱部客創辦人 水丰刀【國際驚豔好評】本書內容太吸引人，讀來欲罷不能，絕妙的實用點子俯拾即是。只要你曾經教導過任何人任何東西，都該讀一讀！__Helen Street—The Positive Schools Initiative創辦人兼主席；西澳大學名譽研究員本書不但詳盡介紹精采簡報如何做，更說明為什麼。這些卓越的洞見能讓你要傳達的訊息擲地有聲。__Barbara Oakley—《學習如何學習》（Learning How to Learn）與《大腦喜歡這樣學》（A Mind for Numbers）作者本書妙不可言，趣味、實用，而且好看極了。我大力推薦給教師、運動教練、健身教練、演說家、家長……曾經把知識或技能傳授給別人的所有人。__Todd Rose—哈佛教育研究院「思維、腦科學與教育研究」負責人如果你在找一本探討大腦與學習的書，內容要有趣、吸引人、有憑有據，那麼這本就是了。神經科學專家現身說法，告訴我們大腦科學可以教給我們多少東西。霍維斯知道如何激勵大腦，如何餵養它，讓它樂在其中，過程中每一頁都喚起讀者的興奮情緒。__John Hattie—墨爾本教育研究院榮譽退休教授像這樣的書我已經等了很多年（幾十年）！終於出現嚴密精確、易於理解、真正能運用在工作與生活上的腦科學研究。本書對企業的所有面向都非常重要，比如行銷、品牌經營、銷售、訓練、文化乃至變革管理等。這是實用的科學，我喜歡。__Sérgio Brodsky—Initiative Global Media Agency策略主管如果你在創意、行銷、品牌經營、銷售、內容等領域任職，這本書非讀不可。__Gemma Hunter—MediaCom全球執行創意總監我入行將近二十年，第一次接觸到書中的某些概念。這本書不只新穎、重要、別開生面，讀來更是妙趣橫生。__Brandon Exline—CCMC Management副總經理在我們這個瞬息萬變的世界裡，要能適應得健全又有意義，終身學習有絕對的必要。關於本書的主題，我認為沒有誰比霍維斯博士更能深入淺出帶領你。__Patrycja Slawuta—SelfHackathon創辦人兼總裁本書結合腦科學研究與難以抗拒的敘事手法，佐以真實世界的應用，只要你想要發揮影響力，都該一讀。__Sarah M. McKay—Neuroscience Academy創辦人劃時代的作品。霍維斯博士巧妙地闡釋學習背後的神經科學，提供效果強大又容易上手的實用技巧，協助改善教學、會議室與運動場上的學習。不可錯過的讀物。__Cathy Brandon—傑納札諾（Genazzano）學習與腦科學研究院院長終於！霍維斯告訴我們教學策略為什麼成功或失敗，讓我們真正擁有變成教學畢卡索的能力。讀、學、教！__Elisabeth Lenders—金斯伍德（Kingswood）學院校長霍維斯博士做了這個追求速成與捷徑的世界迫切需要的事：整合學習的科學的真實面。如果你嚴肅看待教學與學習，就需要讀這本書。__Vincent Walsh—倫敦大學學院人腦研究教授﻿【本書特色】1.書中有憑有據的互動實驗，讀者親自體驗，打破大腦的慣性思考。2.全書章節有搭配清晰易懂的圖解，不僅能輕鬆了解腦內運作原理，更加深閱讀記憶。3.每章循序漸進引導，提供關於原理的超級「實際應用指南」，讓教學者和學習者能馬上跟著做做看。4.章節末條列出整章重點整理，增加學習印象與記憶。【你想找到這些問題的答案嗎？趕快翻開本書。】★我真的能增加記憶力又變得超級聰明嗎？★讀紙本書或電子書的學習效果比較好？★一個人想「學會」某種新概念，必須接觸多少次？★聽莫札特會讓我變聰明嗎？★女人的多工能力比男人強……對吧？★如果不能一心多用，那麼我為什麼可以邊走邊嚼口香糖？★有時候我走進某個房間，會突然忘記進去做什麼。這是怎麼回事？★為什麼有些錯誤修正後我能記住，其它的卻很快忘記？★我聽說最好不要讚美別人，因為會妨礙他們的學習。真的是這樣嗎？","368","9789861795973","","https://ap13.ragic.com/sims/file.jsp?a=gcboytw&f=vc4raKg102%40%E6%9C%80%E9%AB%98%E5%AD%B8%E7%BF%92%E6%B3%95.png",""
"都是逆行惹的禍：靈魂的星座重修課","","韓良露","韓良露","南瓜國際有限公司","","","明明比別人更努力，為何經常遭遇挫敗？ 明明比別人更渴望愛，為何很難被愛？ 本命星圖中的行星逆行，代表過去世未完成、這輩子必須重修的功課。只要行星逆行，行星的能量就會受到過去世干擾，無法順暢發揮，但也因為能量可能會過度古怪、過強或過弱，以致於讓人顯得特別突出，反而比不逆行的人更容易受人矚目。 也因為逆行是這輩子必須補考的課題，它常常會在現實生活中形成困境，讓人不得不好好面對。它透過讓人無法好好活在當下這件事，來學習什麼才是活在當下。 逆行是占星療癒的一個重要議題，透過逆行困境帶來的頓悟，學會真正身心安頓的道理，在變化無常的生活中，得到靈魂的喜悅。本書特點： ◎一次了解水星、金星、火星、木星、土星、天王星、海王星、冥王星逆行在十二星座時，帶來的人生困境 ◎藉由行星落在十二星座的逆行，同時了解逆行與不逆行的差異 ◎藉由逆行帶來的人生困境，學習讓靈魂突圍而出的安穩之道 「韓良露生命占星學院」 www.facebook.com/LuluAstrology ——占星學院最新活動 ——韓良露原音重現談占星 ——新書內容線上導讀 ——占星學院書店導讀 ——占星學院相關課程","263","9789869599412","","https://ap13.ragic.com/sims/file.jsp?a=gcboytw&f=iOxt1tU545%40%E9%83%BD%E6%98%AF%E9%80%86%E8%A1%8C%E6%83%B9%E7%9A%84%E7%A6%8D.png","塔羅占星"
"現代占星學進階","","洪能平","洪能平","觀音山出版","","","","","9789579372121","","https://ap13.ragic.com/sims/file.jsp?a=gcboytw&f=4EPve085pe%40%E7%8F%BE%E4%BB%A3%E5%8D%A0%E6%98%9F%E5%AD%B8%E9%80%B2%E9%9A%8E.png","塔羅占星"
"專買黑馬股","從魚頭吃到魚尾的飆股操作法","楊忠憲","楊忠憲","Smart zhi fu wen hua","","","","285","9786269565993","","https://ap13.ragic.com/sims/file.jsp?a=gcboytw&f=5h4bsE5nnh%40%E5%B0%88%E8%B2%B7%E9%BB%91%E9%A6%AC%E8%82%A1.png","財經工具書"
"偷窺12星座的男人","寫給女人的最新療癒書","星星王子","星星王子","城邦文化","","","","233","9789571035468","","https://ap13.ragic.com/sims/file.jsp?a=gcboytw&f=oTTpA7s6pM%40%E5%81%B7%E7%AA%BA12%E6%98%9F%E5%BA%A7%E7%9A%84%E7%94%B7%E4%BA%BA.png","塔羅占星"
"高階占星技巧","中點技巧, 組合盤, 移民占星學","魯道夫,Jupiter,Jupiter Lai,Monique","魯道夫","春光出版","","","","378","9789865922795","","https://ap13.ragic.com/sims/file.jsp?a=gcboytw&f=2k1beDMJeS%40%E9%AB%98%E9%9A%8E%E5%8D%A0%E6%98%9F%E6%8A%80%E5%B7%A7.png","塔羅占星"
"財務報表分析","實務的運用","薛兆亨 (會計)","(會計), 薛兆亨","雙葉書廊","","","","436","9789865668310","","https://ap13.ragic.com/sims/file.jsp?a=gcboytw&f=7mKcN5084g%40%E8%B2%A1%E5%8B%99%E5%A0%B1%E8%A1%A8%E5%88%86%E6%9E%90.png","財經工具書"
"科學大歷史","人類從走出叢林到探索宇宙從學會問""為什麼""到破解自然定律的心智大躍進","姆洛迪诺夫 (美),曼羅迪諾","(美), 姆洛迪诺夫","漫游者文化事业股份有限公司","","","本书分为三个部分,从人类再地球上出现开始延续至今,引领读者走一趟精彩的发现之旅.第一部分跨越了数百万年,追溯人类大脑的演进等,第二部分是探索自然科学(硬科学)的诞生,第三部分在人类开始相信他们已经破解所有的自然定律之际,历史突然出现了奇怪的转折.","385","9789864890934","","https://ap13.ragic.com/sims/file.jsp?a=gcboytw&f=19Q1oYJtnB%40%E7%A7%91%E5%AD%B8%E5%A4%A7%E6%AD%B7%E5%8F%B2.png",""
"為何會拿好人卡？","老僑的七堂戀愛管理課，翻轉你自以為是的愛情觀！","張國洋（老僑）","張國洋（老僑）","時報文化出版","2015/03/20","","老被發卡、ＧＧ的人，得～救～了！ 「戀愛勝利」就像在社會成功一樣 重點在於理解遊戲規則 進入愛情遊戲的大前提是：你要將自己留在場內 我對妳這麼好，早晚噓寒問暖，捧在手心，真心卻換來一張卡。 你是個好人,但…我們不適合 (說這句話的人去死吧) 為何異性總是發我卡？ ‧明明竹科新貴，收入外型都不差？ ‧只要一告白，女生就變冷淡？ ‧送禮送宵夜，管接管送，常常吃大餐，還是gg？ 打破告白才能戀愛的法則，想要愛就要掌握異性的靜摩擦力！ 〔內容簡介〕 千萬人氣部落格格主／老僑 網路瘋傳50萬人愛情點閱文，千呼萬喚終於出版 懂得掌握異性的「靜摩擦力」，讓你的人生無往不利 七○％的人告白都被拒絕過！不告白要戀愛是有技巧的。 學會開啟與異性互動的模式，改變氛圍， 不告白，就能成功開啓戀愛模式！ 老僑以犀利風趣的言詞和斯文優雅的外表，在短時間內迅速吸引廣大的讀者及追隨者信徒。 不同於其他兩性作者，老僑以專業的分析角度切入，搭配七堂愛情管理課，以實際作戰計劃，讓在愛情裡一再受傷的宅男們，可以按表規劃自己的愛情進度，好好發揮自己的潛魅力，不再郎有意而妹無意，不再被發好人卡。 本書教你，丟掉好人卡，戀愛ing： •戀愛要成功，八件絕對不能做的事 •熱度量測表，評量你在對方心中的分量 •異性篩選對象的四個階段提點","320","9789571362007","","https://ap13.ragic.com/sims/file.jsp?a=gcboytw&f=O2L9dyyzN2%40%E7%82%BA%E4%BD%95%E6%9C%83%E6%8B%BF%E5%A5%BD%E4%BA%BA%E5%8D%A1%EF%BC%9F.png",""
"星座.愛情.婚姻","","古德曼","古德曼","自立晚報","","","","","9789575961275","","https://ap13.ragic.com/sims/file.jsp?a=gcboytw&f=WHGrAv7vzp%40%E6%98%9F%E5%BA%A7.%E6%84%9B%E6%83%85.%E5%A9%9A%E5%A7%BB.png","塔羅占星"
"星星王子話星心","","星星王子","星星王子","幼獅文化事業公司","","","","245","9789575309633","","https://ap13.ragic.com/sims/file.jsp?a=gcboytw&f=2fXeYti9Yy%40%E6%98%9F%E6%98%9F%E7%8E%8B%E5%AD%90%E8%A9%B1%E6%98%9F%E5%BF%83.png","塔羅占星"
"星朵紀事","劉鐵虎談星","劉鐵虎","劉鐵虎","時報文化","","","","226","9789571318622","","https://ap13.ragic.com/sims/file.jsp?a=gcboytw&f=95a5XN8V18%40%E6%98%9F%E6%9C%B5%E7%B4%80%E4%BA%8B.jpg","塔羅占星"
"阿格力教你這樣存股就對了!","獨家自組ETF, 提早達成財富自由","阿格力","阿格力","Smart zhi fu","","","","","9786269634576","","https://ap13.ragic.com/sims/file.jsp?a=gcboytw&f=kDAA2mOiK9%40%E9%98%BF%E6%A0%BC%E5%8A%9B%E6%95%99%E4%BD%A0%E9%80%99%E6%A8%A3%E5%AD%98%E8%82%A1%E5%B0%B1%E5%B0%8D%E4%BA%86.png","財經工具書"
"知識複利筆記術","卡片盒筆記法的數位應用實戰指南","朱騏","朱騏","Diannao ren wen hua chu ban","","","","284","9786267336090","","https://ap13.ragic.com/sims/file.jsp?a=gcboytw&f=R6I5QN8W6g%40%E7%9F%A5%E8%AD%98%E8%A4%87%E5%88%A9%E7%AD%86%E8%A8%98%E8%A1%93.png",""
"其實你已經很塔羅了","","Paul Fenton-Smith","Fenton-Smith, Paul","遠流出版事業股份有限公司","","","","313","9789573250975","","https://ap13.ragic.com/sims/file.jsp?a=gcboytw&f=3PhjE0e7hd%40%E5%85%B6%E5%AF%A6%E4%BD%A0%E5%B7%B2%E7%B6%93%E5%BE%88%E5%A1%94%E7%BE%85%E4%BA%86.png","塔羅占星"
"西洋占星學進階","","Nengping Hong,洪能平","Hong, Nengping","博揚文化出版","","","","313","9789570463279","","https://ap13.ragic.com/sims/file.jsp?a=gcboytw&f=45ms2v4aKV%40%E8%A5%BF%E6%B4%8B%E5%8D%A0%E6%98%9F%E5%AD%B8%E9%80%B2%E9%9A%8E.png","塔羅占星"
"西洋占星學入門","","洪能平","洪能平","博揚文化出版","","","","350","9789570463088","","https://ap13.ragic.com/sims/file.jsp?a=gcboytw&f=GqzD97y7Hx%40%E8%A5%BF%E6%B4%8B%E5%8D%A0%E6%98%9F%E5%AD%B8%E5%85%A5%E9%96%80.png","塔羅占星"
"行運占星全書","我的人生運勢週期表","April Elliott Kent","Kent, April Elliott","Xiang shi wen hua chu ban","","","","","9789579001052","","https://ap13.ragic.com/sims/file.jsp?a=gcboytw&f=4R5BgsALh6%40%E8%A1%8C%E9%81%8B%E5%8D%A0%E6%98%9F%E5%85%A8%E6%9B%B8.png","塔羅占星"
"生命歷程全占星全新增訂版：靈魂之旅的命運行程表","","韓良露","韓良露","南瓜國際有限公司","2019/08/20","","栽種有時，收割有時，為每一個好運及壞運提前做準備 跟隨宇宙脈動過好一輩子 生命是一條長河，以前你做的所有的事情，都會影響到你的現在，現在你做的所有的事情，都會影響到你的未來。 占星學是一種規劃人生的好工具，藉由這個工具，我們得以對人生做好長期規劃，很多人永遠只根據當下的想法過日子，從來沒有考慮到生命會有變化的可能，包括金錢的規劃，對於這一生想要完成事情的規劃，以及對於愛的規劃。 怎麼對待行運帶來的生命事件，是人生一場最核心的寶藏。行運要學的不只是什麼時候有好運，什麼時候有壞運，更在於每一個外在能量來的時候，有能力用自己的星圖跟外在能量間互相對應，面對命運的定時器，占星學或許沒辦法改變星圖格局，但它可以讓你更從容的面對各種生命事件，對生命做出最好的評估。 天數奧祕、變數無窮，在有限之數中了解天數，目的不在控制命運，而在提昇、進化命運。千萬不要只抱著「算命」的態度面對人生之旅，而要抱著「活命」的態度體驗生命歷程，「活出最完整的身心靈的生命」，才是占星學真正可貴的寶物。","216","9789869291637","","https://ap13.ragic.com/sims/file.jsp?a=gcboytw&f=6UVZcawACF%40%E7%94%9F%E5%91%BD%E6%AD%B7%E7%A8%8B%E5%85%A8%E5%8D%A0%E6%98%9F%E5%85%A8%E6%96%B0%E5%A2%9E%E8%A8%82%E7%89%88.png","塔羅占星"
"卡片盒筆記","最高效思考筆記術 : 德國教授超強秘技, 促進寫作,學習與思考, 使你洞見源源不斷, 成為專家","Sönke Ahrens","Ahrens, Sönke","Yuan liu chu ban shi ye gu fen you xian gong si","","","本書告訴你how to take smart notes.
聰明的筆記不是堆積資料,而是幫你產生獨到的洞見
幫助你思考得更好,學習得更好,建立成功的習慣。
這一切,都在閱讀的過程中自然發生。
 
書寫是一切學習的基礎。所有要用到頭腦的,都是先從做筆記開始。因此做筆記是我們最重要的書寫。
 
本書介紹德國社會學家魯曼(Niklas Luhmann)的卡片盒筆記法。魯曼一生寫過主題不同超過70本專書、400篇以上的論文,甚至過世後他遺留的手稿經人整理,又出版了6、7本專書。如此驚人的產出,都源自他發明的聰明卡片盒筆記法。
 
這是一種「有系統的聰明書寫」,它可大幅改善我們的閱讀、學習與理解;而且筆記本身也會不斷成長與提升,不同筆記之間會產生有機連結。透過卡片盒筆記所記下來的資料,日後還可以出版。
 
本書就是一個筆記小精靈,幫助你:
★建立起一個有效的筆記寶庫,搞定資料的儲存、提取
★避免分心,可以專心處理最重要的事:思考、閱讀、產生想法
★改善工作流程,以最好的技巧與最可能成功的方式來工作
★培養成功寫作的6個步驟,把想法寫成具有說服力的文字
★寫作更容易、更有樂趣
★理解書寫與寫作的關係,長期持續地學習,不斷產生新的想法
 
書中提供讀者一切所需要的資源,讓我們學會如何一面書寫、一面學習,還有如何思考得好,建立成功的習慣。從今天起,再也不必盯著空白的銀幕發呆,人人都可以複製魯曼在學習、研究、寫作上獲得成功的秘訣。","335","9789573295082","","https://ap13.ragic.com/sims/file.jsp?a=gcboytw&f=H0AXJQiEEB%40%E5%8D%A1%E7%89%87%E7%9B%92%E7%AD%86%E8%A8%98.png",""
"占星流年","The art of astrological forecast","魯道夫","魯道夫","春光出版","","","","389","9789866822377","","https://ap13.ragic.com/sims/file.jsp?a=gcboytw&f=DRejITy79T%40%E5%8D%A0%E6%98%9F%E6%B5%81%E5%B9%B4.png","塔羅占星"
"占星全書","","魯道夫","魯道夫","春光出版","","","","448","9789867848871","","https://ap13.ragic.com/sims/file.jsp?a=gcboytw&f=7D7doUl24N%40%E5%8D%A0%E6%98%9F%E5%85%A8%E6%9B%B8.png","塔羅占星"
"日月星座","西洋占星學系列","劉鐵虎","劉鐵虎","時報文化出版企業有限公司","","","","326","9789571303178","","https://ap13.ragic.com/sims/file.jsp?a=gcboytw&f=XNSj8WlVDg%40%E6%97%A5%E6%9C%88%E6%98%9F%E5%BA%A7.png","塔羅占星"
"上昇星座：生命地圖的起點","","韓良露","韓良露","南瓜國際有限公司","2019/08/20","","韓老師上課時語調非常輕快，說話的速度也很快。 她的思緒就像小小的閃電，放射出光芒。 ——創作歌手 陳綺貞 為什麼星座有時候像我，有時候不像？ 三十歲以後到底要看上昇星座還是太陽星座？ 我們都是時間、空間的旅者，在時間與空間中特定的一點誕生在地球上。上昇是每個人生命旅程的起點，從這個起點開始，我們展開了所有生命情節與人際互動的無限可能。 上昇帶來長相上及氣質上的特質，它是每個人讓別人看到最直接的樣子，而這個樣子來自父母的遺傳，也來自童年經驗。當一個生命選擇了一個特定的上昇點，就等於選擇了一個特定的家庭遺傳與童年環境。父母的基因影響了我們的長相，而童年環境塑造出我們與環境互動的習慣。因此上昇說明了我們與外界互動的樣貌，也塑造了我們面對生命的直覺反應。透過了解上昇星座，我們才會了解命運是用怎樣的方式展現它的影響力。 占星學是了解自我，與生命擁抱的最實用工具，儘管不是每個人都可以或需要成為占星學家，但就像不可能人人都成為醫生或心理學家，這並不意味著人人就不能擁有一些必要的醫學知識、心理學知識或占星學知識。學習占星學對自己最大的禮物就是，它不會將自己的一生變成一兩個小時的算命。 當我們不懂得整合生命能量時，往往該發生的好事會少，該發生的壞事一件不少；藉由占星學習自我整合，讓我們擁有看待生命地圖的更高視野，不再白白錯過生命中的美好風景。透過本書可以： ◎了解我們用什麼方式來到這個世界，用什麼方式跟環境相處。 ◎了解我們在地球上的生命戲劇選擇了什麼樣的舞台。 ◎了解自己生命的起點，與自己的過去和解。 ◎藉由星圖站在人生地圖制高點，觀賞生命全貌。 ◎找出孩子的潛能，從人生的起點正確規劃更好的人生。","281","9789869291606","","https://ap13.ragic.com/sims/file.jsp?a=gcboytw&f=6oI2R4A3Q3%40%E4%B8%8A%E6%98%87%E6%98%9F%E5%BA%A7%EF%BC%9A%E7%94%9F%E5%91%BD%E5%9C%B0%E5%9C%96%E7%9A%84%E8%B5%B7%E9%BB%9E.png","塔羅占星"
"十二宮位：生命格局的十二個舞台","","韓良露","韓良露","南瓜國際有限公司","2019/08/20","","財富與資源、工作與健康、婚姻與愛情⋯⋯ 每個人一生中，都有十二個不同的舞台，你的生命，是否選對了舞台？ 同樣的舞台，每個人又有不同的格局，要怎樣才能展現潛力發光發熱，而不致於誤入陷阱無法自拔？ 占星學大師韓良露以淺顯易懂的方式，為大家逐一解釋十二個宮位的意涵，並以生動有趣的文字與諸多實例，讓大家面對迷宮般的生命風景時，可以擁有一張充滿智慧的地圖，站在生命的舞台上活出最美好的人生。本書特色 收錄「看懂星圖三要素」，初學者也能迅速看懂自己的星圖。 「金錢—工作—事業」：從宮位的和諧，看懂互相連動的財富格局。 「正財—偏財」：理解星圖的負面影響，避免落入能量衝突的金錢陷阱。 「戀愛—伴侶—朋友」：從親密關係的選擇，學會解析擇偶的不同面向。","296","9789869291651","","https://ap13.ragic.com/sims/file.jsp?a=gcboytw&f=L2M2FWK8aI%40%E5%8D%81%E4%BA%8C%E5%AE%AE%E4%BD%8D%EF%BC%9A%E7%94%9F%E5%91%BD%E6%A0%BC%E5%B1%80%E7%9A%84%E5%8D%81%E4%BA%8C%E5%80%8B%E8%88%9E%E5%8F%B0.png","塔羅占星"
"人際合盤占星全書","","魯道夫,優遊之比","魯道夫","春光出版","","","","288","9789866572456","","https://ap13.ragic.com/sims/file.jsp?a=gcboytw&f=7ZfO028zf4%40%E4%BA%BA%E9%9A%9B%E5%90%88%E7%9B%A4%E5%8D%A0%E6%98%9F%E5%85%A8%E6%9B%B8.png","塔羅占星"
"78度的智慧","","波雷可 (Pollack, Rachel, 1945- )","), 波雷可 (Pollack, Rachel, 1945-","商周出版","","","","","9789861204369","","https://ap13.ragic.com/sims/file.jsp?a=gcboytw&f=9GpPJwA95T%4078%E5%BA%A6%E7%9A%84%E6%99%BA%E6%85%A7.png","塔羅占星"
"「教官，財報有問題！」：看穿市場鬼故事 買到銅板好股","","楊禮軒","楊禮軒","金尉股份有限公司","2022/10/21","","用看故事的心情進入財報世界，不懂財報也能輕鬆提升財商及判斷能力，在爾虞我詐的股市中只要贏過9成散戶，就已經足夠吃喝不盡了。  ▌不懂遊戲規則，只好等著被套牢。 當你在股市待越久、越熟悉，更要感到害怕與敬畏！▌ 股市是大家拿身家來拚搏的競技場，市場中有殷實經營的企業，也有不少想藉掛牌撈一票的黑心企業，養、套、殺的劇本雖然大同小異，市場鬼故事卻能一再重複上演…… 散戶投資人在市場上是資訊最薄弱的一群，如何從可取得的有限資訊，拼湊出值得入手的股票，將決定你未來獲利的成功機率。在投資路上，沒做功課就隨意進場，於是漲時不知道會漲多高，跌時也不知會跌多深，很多投資人買了股票後漲跌都害怕，也都睡不著覺。學會看懂財報，才能找到在股市中的獲利密碼！  本書重點：  ▌ 關於投資，你總是有問不完的問題？百元以上高價股就是好？用「讓利」美化財報是什麼意思?可以用每股淨值判斷股票價格是否便宜？為什麼有些公司配息高於前一年的EPS？持股獲利衰退時應該如何處理？ 一直當個「伸手牌」投資人，只能等著成為被別人宰殺的肥羊。本書以實證數字和案例說明，帶領讀者即使不懂財報，也能用看故事的心情進入財報世界，看懂股市遊戲規則。  ▌拆解飆股秘密，搭順風車跟著賺！你知道飆股通常後面隱藏了什麼秘密嗎？為什麼有些公司的股價，漲跌總是3～5年呈現一個循環？為何不賺錢的股票，天天上演大漲行情？想搭順風車參與飆股行情，何時該上、下車？ 股市中不斷出現短時間內，從十幾元暴漲到數百元、又跌回起漲點的股票，許多人追高的下場就是慘住套房，甚至面臨股票下市風險，只要掌握3個關鍵指標數字，就能看懂這是一家有前景的好公司，還是另一個鬼故事正在上演，甚至於，聰明的投資人還能反過來搭上順風車，大賺一筆。  ▌趁好公司落難時，買到銅板便宜價。理性者才能撿到便宜的股票，除了學會用7個關鍵指標買好股外，面對一次性因素造成的股價下殺，教你如何逢低買進，而不是伸手接刀！好公司逆風時，反而是入手的好時機。 ▌財報可以美化，也能反向操作買便宜價財報存在「美化」的疑慮，但你可能不知道，有公司故意「醜化」數字，趁著散戶大賣時，進場檢便宜！股市變化萬千，吸引了眾多好手入場競技，在任何領域想要出類拔萃，肯定要了解該領域的專業知識與技能！投資是一輩子的事，不管什麼時候開始學，都不算太遲！","272","9789860673265","","https://ap13.ragic.com/sims/file.jsp?a=gcboytw&f=PYPSFyJqU9%40%E6%95%99%E5%AE%98%E8%B2%A1%E5%A0%B1%E6%9C%89%E5%95%8F%E9%A1%8C.png","財經工具書"
